-- MySQL dump 10.13  Distrib 5.1.70, for pc-linux-gnu (x86_64)
--
-- Host: db.dcs.aber.ac.uk    Database: csgp10_13_14
-- ------------------------------------------------------
-- Server version	5.5.16-log

/*!40101 SET @OLD_CHARACTER_SET_CLIENT=@@CHARACTER_SET_CLIENT */;
/*!40101 SET @OLD_CHARACTER_SET_RESULTS=@@CHARACTER_SET_RESULTS */;
/*!40101 SET @OLD_COLLATION_CONNECTION=@@COLLATION_CONNECTION */;
/*!40101 SET NAMES utf8 */;
/*!40103 SET @OLD_TIME_ZONE=@@TIME_ZONE */;
/*!40103 SET TIME_ZONE='+00:00' */;
/*!40014 SET @OLD_UNIQUE_CHECKS=@@UNIQUE_CHECKS, UNIQUE_CHECKS=0 */;
/*!40014 SET @OLD_FOREIGN_KEY_CHECKS=@@FOREIGN_KEY_CHECKS, FOREIGN_KEY_CHECKS=0 */;
/*!40101 SET @OLD_SQL_MODE=@@SQL_MODE, SQL_MODE='NO_AUTO_VALUE_ON_ZERO' */;
/*!40111 SET @OLD_SQL_NOTES=@@SQL_NOTES, SQL_NOTES=0 */;

--
-- Table structure for table `location`
--

DROP TABLE IF EXISTS `location`;
/*!40101 SET @saved_cs_client     = @@character_set_client */;
/*!40101 SET character_set_client = utf8 */;
CREATE TABLE `location` (
  `id` int(11) NOT NULL AUTO_INCREMENT,
  `walkID` int(11) NOT NULL,
  `latitude` float DEFAULT NULL,
  `longitude` float DEFAULT NULL,
  `title` varchar(100) DEFAULT NULL,
  `description` varchar(100) DEFAULT NULL,
  `timestamp` float DEFAULT NULL,
  `image` longtext,
  PRIMARY KEY (`id`),
  KEY `fk_walkID` (`walkID`),
  CONSTRAINT `fk_walkID` FOREIGN KEY (`walkID`) REFERENCES `walks` (`id`),
  CONSTRAINT `location_ibfk_1` FOREIGN KEY (`walkID`) REFERENCES `walks` (`id`)
) ENGINE=InnoDB AUTO_INCREMENT=14 DEFAULT CHARSET=utf8;
/*!40101 SET character_set_client = @saved_cs_client */;

--
-- Dumping data for table `location`
--

LOCK TABLES `location` WRITE;
/*!40000 ALTER TABLE `location` DISABLE KEYS */;
INSERT INTO `location` VALUES (1,1,52.4162,-4.06606,'Interesting Sign Outside B23','Its not really interesting',1391130000000,'/9j/4AAQSkZJRgABAQAAAQABAAD/2wBDAAoHBwgHBgoICAgLCgoLDhgQDg0NDh0VFhEYIx8lJCIf\nIiEmKzcvJik0KSEiMEExNDk7Pj4+JS5ESUM8SDc9Pjv/2wBDAQoLCw4NDhwQEBw7KCIoOzs7Ozs7\nOzs7Ozs7Ozs7Ozs7Ozs7Ozs7Ozs7Ozs7Ozs7Ozs7Ozs7Ozs7Ozs7Ozs7Ozv/wAARCACoAF8DASIA\nAhEBAxEB/8QAHwAAAQUBAQEBAQEAAAAAAAAAAAECAwQFBgcICQoL/8QAtRAAAgEDAwIEAwUFBAQA\nAAF9AQIDAAQRBRIhMUEGE1FhByJxFDKBkaEII0KxwRVS0fAkM2JyggkKFhcYGRolJicoKSo0NTY3\nODk6Q0RFRkdISUpTVFVWV1hZWmNkZWZnaGlqc3R1dnd4eXqDhIWGh4iJipKTlJWWl5iZmqKjpKWm\np6ipqrKztLW2t7i5usLDxMXGx8jJytLT1NXW19jZ2uHi4+Tl5ufo6erx8vP09fb3+Pn6/8QAHwEA\nAwEBAQEBAQEBAQAAAAAAAAECAwQFBgcICQoL/8QAtREAAgECBAQDBAcFBAQAAQJ3AAECAxEEBSEx\nBhJBUQdhcRMiMoEIFEKRobHBCSMzUvAVYnLRChYkNOEl8RcYGRomJygpKjU2Nzg5OkNERUZHSElK\nU1RVVldYWVpjZGVmZ2hpanN0dXZ3eHl6goOEhYaHiImKkpOUlZaXmJmaoqOkpaanqKmqsrO0tba3\nuLm6wsPExcbHyMnK0tPU1dbX2Nna4uPk5ebn6Onq8vP09fb3+Pn6/9oADAMBAAIRAxEAPwDzloge\ntRGIjpzVzbSFePxqlIoqCpVFSNCDz/KkCEdenrVKVwQ+NSamQHNMQ9AKnUZp3KJYx7VaiTPaooYi\nxGK0YIQMcU7hcIYC3WrsUIHalhjycYrQgtvX+VSYyYW1vuXGKvxWZHatbRNCmvlLjCxr/EfWuhTw\n4irzICfpUXJ1Pm6Odl4B3D0NWFlSQAZwcjg1AYweopu0qwHWi1zW5f25HSgJg4I61XjmZeOo9DVu\nFllJwCCB0pbDuMWLnI/GrcEOeTQihanTJ6fWndiLMKgDAq7ChbGePSqsCjAJB/CtK1U557frTQmW\nbeH2x+FbNlbFmAxVO1j6YrodJg3yqMd6GQdXpNv9m02GPGDjJ/GrlIqhVCjoBgUtSM+WwlREfvlA\nqRVfs+R6MKfuRDuIy1MockAPL1ZiAAwgGBVRnLcZxzyKvRHcgAPApMZJGo9cmrMa9MjFQqmSNxI6\nCrkS5Dcc470JgTwrx6Vo2y8/WqkScjnqeOavQgAD6DjpVITNS1HrXUaCoa5Qe+a5aBsY55rodDvI\n7a7RpM7OhI5xxVNaEnZUVWOo2oj8wyEJ/e2Nj+VZmq67bC2MdtJvkYjOARgVmB88SMzZpgU5q69s\nQScVG8LKeVxxVFFfHOa04BlMAE/j71US1lk5VDj17VoJFsUB2wfQelZymkUkyQclV7Z5Iq99mki2\nGWJkD8jcCN309arpgD5QeSM11WuxFbLTsY+YMOf+A+9ZxndjtYyYF3OQPXp0z6Yq7BHv79uwPPFV\nLdPM4jwfmyvOcmti0bdIojkVgzAoy8/QEHoPz7VrzWJLNnamRlG4HPIA7g4/xFdZo2niJVkdOc8F\no85Pc56AYPH+c4diI4Xgb9xjcse1nI3jIPIOezZ9sD2robe6kaJjbiMRr5YCTTMHU+hGM8jHHPXP\nOaXNcVjSnSOWDytvB4wOK4fUbYx3ZRSzJk4J5z+VdTJd7ZctgLvOeM4yP5fjXO6xJGlzKUccEDbv\n5/X/AD1rJSdx20OAi05pJIowhLSSBQMdyambRjFEsoiwGG4E1p2ssdvrFm7hykdwh+7ngMM8/hVl\ndQifTYEIBZYwMmid5FrQ5h7Zh2poh5ya1J2Q5IqocE1mooOZjBGNo+orqPEwEen6XggMySAc9TlK\n52MDzI89N65/Oul8U5Om6WVVjhJMbfUlP6ZqlZNC3MODeMwqPmaQLsJGRwc+3BHb0Oa2YZJAJJPL\n8woAu1Rk525PDH5xv4Jxnk+lYttOxUN5gDE55yo4b88/Lyc8dexzfjkQfM0rts2HcdxyBkk7cAYI\nyDzgn8c22Bsabevbz7D5ioMDzQzqhAYAMQDgcAde/GD0rStLmLzQXffNKqK3lYBbcFz8xx82RwMj\nA5ArmoWnSRHKNHIqgHy1U4JIGTt4CnBUdMZB5769mkf2q5SGTARGG6CZETO3B+UnKkDJY5zkn1GV\ncDceVVZvMR8GQBxIQCMgg8j69c/j3rH1BmtrmUFgWV9vI2b27nqff/Oana5ETCTO3EgYusLceh2E\n7sc5x6VQ1UJ5sjMEMTkGJUc7WQD7w259QfT5jz65tjOWeQGeMBRlZFJBBOOcj8cGqyzEQIM9qhaf\nN5DggBXGSePr198//XqsbuFUCtMgIGCC1WDLbTE8ZoViaz2voQeJYyP96nC+Ts6cd+TRZkmqpzt6\ndR3re8VyA6dpakbvkcqAgbn5R0PbmuOXUkDLukXGecKa3te1ey1DTrNbaff5KvvbDLtOBgds1Nnd\nDRSDxIzhmjSQ4DDIGM89OG6H1qxDLKrSK2yNY1KOpUcjDeh/2+ucdCcdazUEZTjdHxyVjDkc4yuP\nXjv1Pfmr9vJKk0becdxUk+WnmbsAYP64yAQOBzwKoZoRXMkizK7tDEMgBR8pIH3SSMhsrySCORkH\nNaTzQCaO7mmiMUMflst0/neYCCcKE++MHjlQOwGDjFtoVWVEkBkeZUBdT5rKEUOMFuCCGA25HC4J\n5zW1ZyaiJY1ka6R4+q2xhGwHIIjJBG05U7eOhzzjKuBbFxI9wgczyOrj5bobZCO2fTjj6U3U7qS5\naRkZMu25godyTnqrHBwM44A78YJznXl0kZ8xJFc+WNzly249CegI5z8vbp2qe8trpJ/N+xPkqE8x\nSfLZu+Tg89eT1G3JzkVnIEcRdDLFwpHqwI4/T61jXkRDFxyrE8jtya053zwSST1wSfX8qpzHd1Py\n9z3raOgMysnnirqjuO9Vj1xx94VorGC5QcLu9TWjZKGRKXIXnk849KvQuMKqbQcEEAd8EHn05zyf\nWoEIUbFUkj3AJ646+/NSxsJImVS5Kr8gUh/w4zxzWbGW4WbcgWTjLFVXP19R/d4HP8hVqIsyyWze\nWJX2gh3ZWYgjBXt0GMN8owPWqsL4BYBiX4JCZKcY6Y7dc5H0GKsktMzjcqO5+YrIu3IJb5s8kHqD\n1BHsAJGaFtcOUB8uaNsDzTLEo3SJk4OSBxsyAefrnFXVMZk+ypPHHFChZ4ZI3fbGQcSEA4zhjk44\nyOuOKFvEL1HMMa3MXALMnLOCfvZIJOM5JP1IGcyPcvmFJzloiViSNt+1mPPKjcoIAxjoT1HSpAk1\nBgJ13mYNIi5+0SLI2RweRwRxx0+grc0/y5NNuFuEh8pJzxChRQcKOAMd92T/APXrlL6YsbckTbjF\ny0ruxfk85Y9PpgZ9810mjzgaXK0hbaXDKHHO0gY7n+n0qJ7AcDLNkBRjaPYcfn/WqchL5TA5PXPP\n8qllbemNvAzwaqyMCcBuDnvXQkDKvRh6bq0k+XBAIz/snis1jmUYHer8Z3vgY4IGWHT6c1UiUTrl\nWAUk8cAcE9+h6f8A1/zdCQCisFIIH3uehJx9O+PWoIxlcOCFbA5AP51LvIXAG0MvVQcjIPTHTjvj\n/GoGSRyBNsTFDjbubdjIx09ueMj1q0kLXDr9mZoyo/dYwQW+XgAAY6Mec5xj3qqJD91Xl3Y+85Aw\ncEHHf29aU7XVwRDtBAZWLhgATx0zyMD8R3PCA1nBncfa5XSQnG93JyGGPmIBGAwPB2nAwcYFWYoT\nEjp58bcBlt1kZAwIOFDE55wcckfIMjnK5izKz7WkWT5v3scII8xs9eMAA4z143fjUitHJJEhkuWL\nfKgMYk55BDDbnb1zg88cZ5MjFvT5d0q7jkIQyl9xj6jYSBzj3z2Oea2tBuY4oXXcSpRNgVW2nGRh\nc+mOc9Oa5+9uFuJYSrqwWPaCgK8D/ZPTr0HFJLLegRmH7VCzIN6klRwOCO+Dkn8aUldWEZLOc8v2\n555/OqzNiQktn3/rUpOOhGeoOKrysQ/B568DpW6QiI8zrnjnjnpVxSwUdxjPJqkrbpUJAHPParxI\nPGMHqMmhgh4c7Rj6KNvOPzp68A4wflII298dvxqNGJHA+mf/ANdO+7tL8qCOS3OP6/5xUjJVbLky\nkH5iCpBA6gdfoO/oKseZJIVA42r08zt7j7w4OOT09OtVVdiNwfJC/wAX3gP888kcD85I5RHJ+6Zi\nx4ZQ27juOmO54/U9aVgLMamRGiBZmkQq5RSCpYZOOQrBvz6Y9KnCmVAUuDFBMpJZgrKB2UBjnONv\n3T26cVULhQAYX8vcVWONs+X1PBAORgnB9jxxmplEguDLGVBdQXdE8zaMYUAjpk9MYxgc84pARXCu\nZFl+yGBXJO55S8kjZ5LZPXPsOverIIktkVRklRn5y6rjqcdj2/E9qozqFaMeVKm44MjqVEnQhgO3\nBHH0PepkYeQo8pWPVSsQcnk5z6dR+lDQIynJGC3J4Gc81WYegBA4zVhieQvbgjjBquT8x/WtkhEQ\n4mQ9BmrwHQZPPvn+dUwAJEzxz6VczgA8Z7YNDBC4AHTap9Scn9KekiqQ3HJBJxzn2/z2pm4qCAxU\nL3A5NOQ4XaxB3dPb6/yqLDH7crgfMvPUHANSMJG+TPyEgiPPJJ9T0/hzgkGq4ZT0Vo8DcWzjGfTt\n3p4k3IQcNtHBRuBzxx/nkj8SwE8f7rcFUxB14A56kEcegPBOc4xTii3H7pFkd4xuiRFGFwfmznp9\nB3xUcT+bCYpCAhOSYyOuMbv1/LPtTwokQg/vyCC3Gx8dMY59B9MmiwEUrl2WQHgkgdcY9OfQY7mp\n0klNsnzEAEjOQAT27+n07VDdhwySHaQwGPLLFVA4AyR6D3+tKgd4OCSVJC9OOecfn+p9KLaAUDg/\n4VC5IbvjrRRW6QhQMSJz68irGdo5PJ5545ooqWhilge4A54x+lKoK/dAznAAAWiipGPSTKDegK59\nRtxn06/lUhmlDA+cTxkgEE8ZPtz/AJ9KKKLAhGO9Q0jdSQrZUnPckjt/PNPdA+Ssj7gOMjHI5GT+\nYzRRSsBFcbgmWkMjE/M27nI47HBHoaekn7vbtHDHFFFOwWP/2Q==\n'),(2,1,52.4175,-4.06731,'Visualisation Centre','Its a mysterious building... Nobody knows what goes on in there! ',1391130000000,'/9j/4AAQSkZJRgABAQAAAQABAAD/2wBDAAoHBwgHBgoICAgLCgoLDhgQDg0NDh0VFhEYIx8lJCIf\nIiEmKzcvJik0KSEiMEExNDk7Pj4+JS5ESUM8SDc9Pjv/2wBDAQoLCw4NDhwQEBw7KCIoOzs7Ozs7\nOzs7Ozs7Ozs7Ozs7Ozs7Ozs7Ozs7Ozs7Ozs7Ozs7Ozs7Ozs7Ozs7Ozs7Ozv/wAARCACoAF8DASIA\nAhEBAxEB/8QAHwAAAQUBAQEBAQEAAAAAAAAAAAECAwQFBgcICQoL/8QAtRAAAgEDAwIEAwUFBAQA\nAAF9AQIDAAQRBRIhMUEGE1FhByJxFDKBkaEII0KxwRVS0fAkM2JyggkKFhcYGRolJicoKSo0NTY3\nODk6Q0RFRkdISUpTVFVWV1hZWmNkZWZnaGlqc3R1dnd4eXqDhIWGh4iJipKTlJWWl5iZmqKjpKWm\np6ipqrKztLW2t7i5usLDxMXGx8jJytLT1NXW19jZ2uHi4+Tl5ufo6erx8vP09fb3+Pn6/8QAHwEA\nAwEBAQEBAQEBAQAAAAAAAAECAwQFBgcICQoL/8QAtREAAgECBAQDBAcFBAQAAQJ3AAECAxEEBSEx\nBhJBUQdhcRMiMoEIFEKRobHBCSMzUvAVYnLRChYkNOEl8RcYGRomJygpKjU2Nzg5OkNERUZHSElK\nU1RVVldYWVpjZGVmZ2hpanN0dXZ3eHl6goOEhYaHiImKkpOUlZaXmJmaoqOkpaanqKmqsrO0tba3\nuLm6wsPExcbHyMnK0tPU1dbX2Nna4uPk5ebn6Onq8vP09fb3+Pn6/9oADAMBAAIRAxEAPwDyejpR\nS1oUNoxTsUYpXHYbjminY5pcUgsMxRTsUEUgsMxSEU/FNpoljCu5Sv5VDVgcHNRSrtfjoeRQIkXO\n4c96WRmDnBI/GrBTHb9KaUHUqD+FUNFdWbDcngU3zH/vGrWxSCNoGab5Ceh/OpCzFhyyAnk1Jtoj\nUJwOgHepQuaTLRFtxSFamK4ppWpGQ460wipyODUZxnB61SJkRYpGXcuB1FP4zjvQMg5FMgvSRbai\nKVrXcG1yPSqLx4NUJMq7aeF5p22nontSLQ1YyXP0FTLEakijy547D+tXYrYsOlHKyrmc8ZHaoita\nE0XzGqzR1LRSKrLgVBJGS6t2XOauulQslCIZWKfNu74xRipmTmo8A+9UiD1bXPAElnM2L9HOMn5K\n4+80R4HINwD/AMA/+vXr17q2iJaRPLoUT+fbrNjjIBzgZxntXm2t6jo80z/Z9Plg56ebmknLqZrc\n5s6ec484fiv/ANep4dIuH+5JER75qGSeIk7Ff86vaS3zEmVo1D7SSCR39PpWkVcu5dtPDl3Ichoc\nn3P+Fav/AAjN5a27mRYywAIw3r+Fdfo2h3a2qXEf2XUYWHJtpQWH1z3/ABqzrH2FdHZmMkd1vC+U\n67SAOO9axdmQ72PLp9Lugf8AUgn2YVTk0u8HJtz/AN9L/jXU3EoJIHNJKmLXfjgsB+lS6aYlWaOL\nlhZCUdSrDqDVZ4+a6e5hiuPlkHTow6ism4sHibn5lzwwH86zlC2xpGdzKZKrbDC5DZ2nofzrUeBl\n6ioZLcMNpB+tEUDZ6TrVvrEgs44LC5kCWECHZGTzsBI/M1yl7oWuOSTo1/8A+Az/AOFZPiC6330P\nPSytR+UCVkGU+tSkSa503UYZR5thcx8/xRMP6VqW9nNFo812YnWP7Uqh9pwT+9yM/wDfP5j1rlYp\nG3jb16CuofULrStOleyuZraVp0O+GQo3D3A6j8KtNpjRqaZqMkc8PlSvHJuAV0bDLnjgiuh8Z61P\nDfLZNL50cUUePMGTzGpznqT35NcdZ+L9RLr9qW1vQvJ+026M7H3kAD5/4FWv4s1PTpdR3XVhKJnt\nbdg9vchVBMKHlWVicZx1HT8a3UtTNxILG6tJ5x9uuZLWJiV8xE8wAgdSMjjntW+BbR2cNzLJBqFi\nGO420uyTOD1UjI9a4sLaSWUJW9ECGWQb7iNgMgJwNm49639dhe40RYLBIpl86MrHA6s5/dYJ2A7h\nyO4p8yMpLWxi3F0vmMVyFzxRb3Ks21uRWKxuILhoJlkjdQdySAgjA9DWvosunCcHVWuY49u5WgQM\nW7DhscZ757Vm1dmqtYvXVlCqrIGwp4wamt/CV/dxC4t7WSaJvuvGuQav6te6MljL5RF2WiRIpEVo\nfKkzn5lbgnAPQkVm+GvGOreHJpTbOklsF3PbTSAK2SACuT1yR07Z7DiraGbb7nLahqlv9qAbSLNy\nsUa5Z5uyAY4k7dKrf2na/wDQEsR/wOf/AOOVHdWryXcm2SLg45kHaoxZvwTLB/38FcysdBbt9Qtv\nPU/2VaJjJyrS+nu9bF3PbvabZ7UMu4t+6l8tiBJKOrbgTyTwO/tXPw2jeao82Dkj/loK0723ee2t\nwksHBbOZlX+Nj3PvTW40SRzaKzKVt7+2x1YzJN+m1P51p+JBplzeh47+5EhtbcKJrXaoxEgHKuew\n9O/frWJHpVy44ktOne8iH/s1aN9plzLdq3nWeBDEOb2HtGo6bvarTEyO4iSLw/apHdwSn7RNkhXH\n8MfGWUc/40z7PcjTDEiW8sjzo3Eys5ypGNu739M1PPYSrokMJktt63EzHFzHjlI++72NQaZA8d5b\ntJJFxdxMcToeAfY07kMs6DoNxqM0EFxdLZROWDPMCAuR15PIHWuquPCunWDtP/wkGn6q5j2LGcjG\nP9188AetULCwtzb6UZApZ55VyzdcqoA4+ua0dT0GHT5maOYyO9rN8pQjA2Nzn+ntWcqlnYajdNmb\nrt3p0/hhrW1t5ImhvLcO/mBw58uXpwMfmf0rjWwo2h+hI5FbVxNdDSfs0aIV86Mg+SuTgPk5Iz3H\n0qrJpZdJZONxmbYc8YrZSSI5Gzn7on7bMR/z0b+dR/56V6nD4R0hvmku4XJ6n7EOfzNaEHg7w70e\n4Un2sU/xrk9qjex5HZKWvYR6uB+tadzG5srIohbIcHAz1x/jXrNv4K8NqwfzfmBBBFmgIrTj8J+G\ngiLvk+ThdsMeB+aH0pqohqLPFLKydlllkgZljXCqwIDueFGfzPuFNbcml3MmprIumRO84UGIK22J\nNgB75HJPPVSle0i30+KJYrIQwKpB+aHdnH/AhVhTpQ+Z0gWT+IpEoz+BzT9oPlPCp9EvRpcMctvK\nj+dIxDRsDgqgHb2NTab4UvpHjMNrNKwmjfAj7DOe9e7pf6dAv7rYg/2FApkusWu3AOaftCORnlUO\ng6zDbaW72FwptbppJFWMlguF5A/Cun1Tw9e6jcpdpMmHszE0bqysGO7kjHHDDP0roZdWtefX3qlN\nrEYHyuR9Kzk1Kw0mjz64+GutQsSJ7ZwCCCjnnj3APeq48O3VokkV5NBE4cMEL5J4OemcdR1rstQ1\nuRrSWOzmC3TMBvY42L3I/wBrt7c98Vxs0V2pPyqffcKtO+7Jba2FhvX6Bhx15q7Hfuesh/76xXPr\nNhQAasx3KpyNvsSKybsXY6KPUHGMSN653Gpl1RiQDMw99xrmxdqVzyCeeB0pqXrc4JwWqbjszo5N\nZSCRd92F4PBc8/rTW8SQqf8Aj8B+jE1xmqXObhGLfw4/U/41Rac9Q2fwrVRVhXZ3TeKLfcf9LP4K\n1RnxRB2nZh7A1w/nnGcmj7So561XKhXOxk8Tw8/PKfp/+uq7+JYyDhZicd8D+tctDdqJf3hAUjHP\nNOe+tyeCo+iGjlAsTXsjyNI0hZm5J6UwancJ92d8emeKpSzRsQUP6YqIse7YFVZMRpCbtuAqXe23\nJY4rOM1rt5d29i5b+gpjXNioAMIPvsP/AMVWVi7mr9thQYM6593AqL7ZApG6U5/2ST/KqA1K2ThL\nbP4D+uaX+1zkbLZR7/L/AEAo5X2C5YunS42bJM4z0Q5OcetRLaSyDKxXTfSH/wCvSnWptuDkfSR/\n8ahbVZWyAEz6kFv55qkpEk6WcpOPss5/3m2/zFKbSQdYo1/37hT/ACxVI30+eGQfSNR/Snfbbnbz\ncOPo2Kq0g0LQs2bOTa/gXb+RNL9jdf8Alqg+kB/9mWqLXcrD5pnP1Y1GZM85o5X3FdF8wqPvXOD/\nALKov/swpp8hfvXUjf8AbQj+Wazi3vTd3PWnyvuFxhfFJvycmoC/NLuNMROGApyvzVfcfWnK3PJp\ngTtJxmmb6YW460zNICUyEdKBI56mot1OU0wH7iMnr9aXc3pUZbigHtnpQIfmk70maM89aYEFFFFS\nULTgMUUUxATSCiigAzSqaKKADNGcHNFFADs0Z5ooqhH/2Q==\n'),(3,1,52.4172,-4.06924,'Pantycelyn ','This is the Welsh speaking accommodation on campus! ',1391130000000,'/9j/4AAQSkZJRgABAQAAAQABAAD/2wBDAAoHBwgHBgoICAgLCgoLDhgQDg0NDh0VFhEYIx8lJCIf\nIiEmKzcvJik0KSEiMEExNDk7Pj4+JS5ESUM8SDc9Pjv/2wBDAQoLCw4NDhwQEBw7KCIoOzs7Ozs7\nOzs7Ozs7Ozs7Ozs7Ozs7Ozs7Ozs7Ozs7Ozs7Ozs7Ozs7Ozs7Ozs7Ozs7Ozv/wAARCACoAF8DASIA\nAhEBAxEB/8QAHwAAAQUBAQEBAQEAAAAAAAAAAAECAwQFBgcICQoL/8QAtRAAAgEDAwIEAwUFBAQA\nAAF9AQIDAAQRBRIhMUEGE1FhByJxFDKBkaEII0KxwRVS0fAkM2JyggkKFhcYGRolJicoKSo0NTY3\nODk6Q0RFRkdISUpTVFVWV1hZWmNkZWZnaGlqc3R1dnd4eXqDhIWGh4iJipKTlJWWl5iZmqKjpKWm\np6ipqrKztLW2t7i5usLDxMXGx8jJytLT1NXW19jZ2uHi4+Tl5ufo6erx8vP09fb3+Pn6/8QAHwEA\nAwEBAQEBAQEBAQAAAAAAAAECAwQFBgcICQoL/8QAtREAAgECBAQDBAcFBAQAAQJ3AAECAxEEBSEx\nBhJBUQdhcRMiMoEIFEKRobHBCSMzUvAVYnLRChYkNOEl8RcYGRomJygpKjU2Nzg5OkNERUZHSElK\nU1RVVldYWVpjZGVmZ2hpanN0dXZ3eHl6goOEhYaHiImKkpOUlZaXmJmaoqOkpaanqKmqsrO0tba3\nuLm6wsPExcbHyMnK0tPU1dbX2Nna4uPk5ebn6Onq8vP09fb3+Pn6/9oADAMBAAIRAxEAPwDyMUop\nQKMdaRoA4pcUdqcOnpQAYoxSgcUY5p2AAKcOOopB04pwpgGOeacf6U0dacKtAOXpx1p65zximZp6\n8HnGKtICkPpRigZpwrnGhMUvail6UxAKaXweOaCewpoHNUhMkVg3oDT6hxTlkI+9zTsCZKODSgfj\nSAg9KdxjFNDF6/jT1OOvNR+tPBxzzWiJKYFKOlJQDmuYpDx0pCeOKsQRxMjPJkkEDG7AqKZF8xhG\nPlzgH2pobJIbGaTBwFz03HrULJj0/CrQunVYwoAMYABqHvmmhEew7c4pMc1ZAJGT1NM2qeo71SJa\nIgNtPDg9etTRLEeHAAJHzelRCJnztH4Zq0IcKd0qJcqSKeM5rRIVyuBk4pwUDpmkjB64OOmcVYgj\nEkyI3RmAOK5G7GtiJVOelPWPPAGatzwxrENiYwcZzmiwjP2yAD/nov8AOlzaFcupGbG4WMymF1Re\npIxTSnP4VvXEQZJwck8gcelZTRdsZpKZTiRKnGKjt4GkJRRls1cROxFLboPNbjuatSIcSk0EkWFd\nSp9DQAUYFSRWjfRnMORz5f8AU1FcRr5YYAA5xkCtIyIcSkAPLIKjPqO1LsGQEPUVbubM26wksCJU\n3DjpVcwsGIAz9KuMkxOLWhTQPuxu4znrVu2UC4jJOAGGefeqypzU4RhnHJHtXMzZIvXAV8hWXG/s\ne3NPtIjHcJJg/KwPAqrBG3cYz7VrWkAwBhgT15x9O9YVJcqN6cbkskkTySYOdxbHHrUP2QkYwePa\num0TQob6VVwqAkAkuPx7V1zeApCpCqjAD5WB6150sclLlim7djp9jGK96Vjyn7OVOKrxqsLsTnhv\nSvQfEPhSTStPE8keC0gXhvY1w7WkskjhInY57KTXVQxCqLsYVKSXw6kFzKs5jKZ+VNvI75NMuGRo\nFVWyQxOMe1WTo+qeXldPuSPXyW/wpy6HqLrn7Kyf9dCE/nXYqkFu0Yezm+hBfSRSxWnlspKJhgOx\n4qFUzdYGOFHf2FXf7BvR98Qr/wBvCf41I3hq6jgSeWSKOJ8hHYttbHXBAwapVqaVuYbpVG72MoXN\ngh4tZCfeX/61WYb2zEi409G5/ikJrIdCDknHFTx5DVk6cWv+CUqkl/wxvSX8Uc8qR6bajYxxkMe/\n1rR07UybgBYLcDPJVR7DvWPeY+1TlMFc5yv1p1rIVcMNorlqUoyib06klI9N17UZ9M8XxQwtDFD8\npIVVB5POe9dxHq1kIlZ7qIAjglwAa8r8YS7fF877yxJi25PTKg4oGtyOkiJuQjI4fOeT6j0/SvNT\nq0uWpRtqtS1ThWilN7HWeOdYVtMQWlyc7g2YwemDzmvJp765knk33EpGeP3h9K6TUtXm/st7POBJ\nhGG7OVByBjtyB9cVyUab7xkPTd/SuzBwk1KdTdsiqlTShF6EOpXFwwjLykkEjO857daprNLtI3E9\nO9aWqW6C3idAAWZs/pVL7GyWzS9gQOfx/wAK9eHLY4pc12OgYs6ozBVPqa9L8W2cFn8OrG1WSGU2\n8sbJJC+4HcpLH8SSfyrzaeDy442U7Tjnj2rduNYa98MJpoBYxGM5x1AGKwrQcpQa6M0g1ZpmC+nF\n9uW+b1pwsmYkqCT6ZxitNUMhPyHgdM80kCiOUllAUY6/41PMyOZFePSwF37znGT3pVQx9WXn8K1R\nAPlfyztZsbscduP1pZLJGk3yOVyeQvf/AOtWbl3KjMqveaxP881xLKvZnIcgfU809JX279jAnru/\npxSvpSbw0cjb3PA9KkFhqUMW/wA9pCv3VGT/ADrK0baW/I3VTXr+ZFISyYyScjnFV9LszdyarOXK\nfYrZrgDbkSYZVIz2+/n8KuJeXsW8ywq7LGWBaI/KfwxVrQLua/s9cS4ffIul3J5XBxmHH/oJrein\nszOq1a6ZzMl99qt0RhsMbFhjuDj/AAqvJfO0fl9UznGMc8/n1pvlEjA71JHagdRk+9dsYpHNzMrl\nnkzgdetWLfz4pAyOBgd+RVqOz3qWJwB7U9rZV6NmnzLYaTWpYgvX3BXjEwBxwOauD7JcgAyFGHGC\nODzVSOaPeDcQ7HXBUpyD+FTR2IuATa3CTMccdD+RrlaXoYqRpxQSW6nYwY8YPXPNQoJDcRk7WIJO\nH4zjqSOKm0uNop9km5C6/wAbdDjggVObwFjbXcChkYhj/EPfHofrWLRVx9kscvLH5WYIpUcAf/rq\nRZ0+454Occdf89Kuadp1rNH/AKLcBWPG1j93r2/Oq99pV5bI7mIAE8yA5HH61k4RehtGTWpEVSQH\ncDxjABq5pqw2azyBAWuIXiLE84Iz/TpVRI1QDB+QZJJ4zxx1+lWAvyLIw3AsQVx7DH+fY0lTsCrS\nKVzpMMu7yrSMnGSQAKyLnQLlctE0e3HbP9a6uCXZAzDBJ4OBnPUnn8aq5RchgSuOue1a05ThsXKp\nGS95HPw+Hr99MF27wpHMxWEvIFMhHUD8jWSzSRzlXVo2GQQR0/Cu78WW0V5p2jW8LeUkNrvCgcbm\nOT/KuYu7OWVA8pXzFwPMz94e9d8Gm9dzBp2utiNrZkfBA7DbzTvsysp2qWYd+mDmrlpqltJtjuhs\nY9Hxxn39P89K1o9OhnUtbOH6HcrZ/KsZXW5hZMy4ri8gTLFJVDDCSc8+ue1XDLa3waWcfZ5NuC3D\nhADxz+NNk0+S3i2tGxAzyMkH6ikS3t58FXXc+TtHygj1z25z+VRZMr0Eewv9NRZ4xHcwSBtskGGP\nfGQeR/8AXq5YeIry3Hly7ZoXzxJySfQc9frmqU0FxYttgl8p04ZAdysc9MHr9aebmzmz/aFkyFjj\nz4RyPQnt6+tFrruPma2NuLVNGvWKTKIWPOTgDP1/xrRHh6cQGe1mWZGHQn5uPQj/AOtXMQ6Gsx82\nzvI7iE5we6nBxn/P4UkOr32lP5EUrQspIwO/pkHip9mn8LLUu5fvhdr5dvLAbcBSDxkY9u369qrX\nZxHtVflLDPPX6fWtmz1ybVYJIxCDOU+7nrkHHX3H61zTXBmhdsOSrjc2c9OnTp3qoRfUltG1rxcR\n6YTGvNqpIJ4zk1npLp6xg3llJgfxQzbc8nqMNVzX5WWDSy4XAtF2EHknPP0xWKpeRmdy/UbR1J69\nvxrVw1JVRpaCHRLhDtWDPuBmoY4bqznPkyMrhuqHgkfzrqbPUIpZ0R0mQt0yOK3YLaB4vL8pQp7C\nhza3RK1OYsdbE37q/iWJ+z4+U/4Vpf2RbXQFxHlZHUOJAo4GeBVq/wDCqX07TRzGIkD5duQPpXMw\nm80y5Y28roQcEEcH8KlKMvhK1W5Z1HS9QtkJlHnxlh82CSPw/wD11VURCPzIyxI3FRHn1yQfb6+t\ndFpfiJJyYLxAjH7rH7o+vpV690WGdXmgUbmxkrjLCo1jpJBa+qORSyVVPkSx205BJeHgnAHpnjn2\n6dKtGRmUxajbx3kcYDCWNRkDn9eO2KtSWbq5jaAjyRgkR/1/z6VXdPtOEL4+XAXk7hx9e/anuZuT\nSH2VnGbpbnS71TIPlaGQ4YDv/n9az9b0y8S8MkgIiAJUE/dPoPxNXLjT/IXdKmGQ8SKduCfTnOfY\n+o96hlNxNFi5u3cL8itjB+6c/UgnrWkN7pk8/RjteLjStJLKcrbYK9+tY/DR7V3Bjg8HnA49PpXV\neWL7T9IMsJkEkO13RQMDdz7D6/8A66pXPhOVZmiguVcAcCUhec+vQ962bSeok9CzDqELOqYYbmAB\n4B/Kt6CUDBwPoKKKznFFxely080gs5HjJV1QkDHPSuMkuJZZHMoHzc8UUVNNLUtu5VMY3EnHuMda\nuaXfyaexCzMsR5KdRmiitmrqzJL/APbEbwMDBtlAJZypKyDP3s59qunTYrmBLi1lMqMpAGfu9SeP\nWiisZxUdiUrtpmfcwTMkX2pR5G4NkklSOtUJ7dBEShaIbgV4/DGep/H0ooqomb6nS6NAP7FtljZT\n5aFTtPQbj/8AWqwY1EhyMjsBRRTl8TDof//Z\n'),(4,2,52.4172,-4.06935,'The Town From The Top','Pretty view at night! ',1391130000000,'/9j/4AAQSkZJRgABAQAAAQABAAD/2wBDAAoHBwgHBgoICAgLCgoLDhgQDg0NDh0VFhEYIx8lJCIf\nIiEmKzcvJik0KSEiMEExNDk7Pj4+JS5ESUM8SDc9Pjv/2wBDAQoLCw4NDhwQEBw7KCIoOzs7Ozs7\nOzs7Ozs7Ozs7Ozs7Ozs7Ozs7Ozs7Ozs7Ozs7Ozs7Ozs7Ozs7Ozs7Ozs7Ozv/wAARCACoAF8DASIA\nAhEBAxEB/8QAHwAAAQUBAQEBAQEAAAAAAAAAAAECAwQFBgcICQoL/8QAtRAAAgEDAwIEAwUFBAQA\nAAF9AQIDAAQRBRIhMUEGE1FhByJxFDKBkaEII0KxwRVS0fAkM2JyggkKFhcYGRolJicoKSo0NTY3\nODk6Q0RFRkdISUpTVFVWV1hZWmNkZWZnaGlqc3R1dnd4eXqDhIWGh4iJipKTlJWWl5iZmqKjpKWm\np6ipqrKztLW2t7i5usLDxMXGx8jJytLT1NXW19jZ2uHi4+Tl5ufo6erx8vP09fb3+Pn6/8QAHwEA\nAwEBAQEBAQEBAQAAAAAAAAECAwQFBgcICQoL/8QAtREAAgECBAQDBAcFBAQAAQJ3AAECAxEEBSEx\nBhJBUQdhcRMiMoEIFEKRobHBCSMzUvAVYnLRChYkNOEl8RcYGRomJygpKjU2Nzg5OkNERUZHSElK\nU1RVVldYWVpjZGVmZ2hpanN0dXZ3eHl6goOEhYaHiImKkpOUlZaXmJmaoqOkpaanqKmqsrO0tba3\nuLm6wsPExcbHyMnK0tPU1dbX2Nna4uPk5ebn6Onq8vP09fb3+Pn6/9oADAMBAAIRAxEAPwDzYgEc\n0valOOx/Cj/OabZvYAOPrQQM5pe1BHapuKwcY4phHFS0mDRcGhmOD9KQDmpB096aBxjNNMmw0DrS\nYHWn44NN4+v9atMmwLwuaVPv4yRQBwf8KVRzirQhN2RSgjp+opnpSqaxNx+OmDzTumeKYOlPzUsa\nFHTkUmOD1+vpTgRj8KTikDE7UnqKcScmm1aIYDoaaRz9OKeOaTg9qpEjcYHHpQv3h7e1OOMH6U1c\ncVqtSOo3GRxQB9KFOVyMYpea5zoAetKCM8Uz6UZxQSS544oDe9Mznmkzz1osFyQHjFGc9KYDSjpV\nJEscCQTSZpuOgpSOOfTirRIueDzzikHzNRjjjNC/fq0QyAq0TYYYx1FSA5FS4V2JlGc8kgVDsZF3\nY+U9MGufc6dgJ9aaW5oJpuRmqSM2x4al3VH0ozTsK5IG5pQaYDSjvVIkfng0Z9+KQdM0mfpVITY8\nUL15pueDShsmrRBeurN7dInfBEy7lxVVo2Q7TkYxwf8ACtzWFXbaIDnamOtUHiPmFeDhM/pmvOhO\n6uehOCTsZkgGcgEZPTsKiOKvPEOOvTP60kqQhBH5O2RSdzk/e5/LH/163UjFwZSop5Xk0m2tEzJo\nBS0AVLDBJM4SNGdj0UDJp3SEk+hH60HNSNEyEgrgjrSbGP8ACfyqk0JpjR0oX/Jp3lOB90/lTlhf\nG7YSAcE/nVpoizNxrCBTzfxH/dDH+gpfIsly73zklcH9z2xj1qtaxPOyRxqxduAB3Oa7Lxr4ettK\n8KaS0cCQ3Y3RzkDBkPUk55Pt9celeO21JRuerddjkcadu2+dM+EAGFA759TUd42nNcM2yfOB/EMd\nB7VWmdo5WIUKRtBGBjpSR2l3dFmigkl5z8o6Vqo21bM3O+iQpksQOLdj9Xpnm2/8Nsv4kn+tSfYp\nFAEkMsJ44deT16CrKaYrEyNHMkAPzMACwHsOM1pzQXUm0n0KXnIOkKD8K09B1ebSb77dbBVliRtp\n2jjI25/Ws/7OJZmW2SRxk7V25OB9ParmjRQSPcC6LrD5a7ygBYL5iZxnvjNOSXKKLdyG8uXuZ3nZ\nvnclmPqTVMlyCeavT26fa547djJGrkRswxuGePpxXSaJpd0NI1CxuLdlF5EjRfuwWJDgkjv0P/j1\nDmoITTk9TlbHTrvUWZbdQdgLMSeijknHU4HoDXW6Dp9lZ2xS9sYrid3YxK7KwdeBw3Q/cYgnjrjq\nM6sumWsGnm4SULcJG0UjlQ2fmAO7IHzEHHKngDt1u20sUEcFrbRSoUtx5dwkfmYBPQE5xlVUkdOc\nelROs5LQzUbM83gkmsrwGMurqQVZeCOhBrrPHutDVbOxUSmTbLKTznHIx+lcXLcmRwQc9zjvV61u\nUuoTDOjYBJVsDCk9+fpWU4e8pdjpTWqKsxhMsoxkEkjHc/5NbWlNcy2YhtYCvlkY3SKA3rySKpi2\nskbcGLd+QODQ10qfLCTx3qKkeeNioyUHdm28cypu1C28yQcxopDEdeTg9OO1YMt67Xy7lmhxn5Sp\nAJ/Hp/8AXpPOJOSxz6k1PHesvRz9M1lCm4X0uTKtzFu11MLGsb22VV925UyM84z29fzqKe3jnM8l\nrKh85ACnQg7g30xxSm6imj2yorDGOlZV7C0OZYH+Q9fUfWrpR97TT8hyqq2upbjjMLIpjlYMwBxH\nkgd/r+ddlYSXn2SO6S0mjDbQ8rREByDzkHO7gg/nzwccFai9mI2qz7jgcjP8667S4b61XdHM2UBM\nYwM7s5wOTjoOhOf5dModzJzutDdtFlkP2mVv3i/PJzuJwSBz9WOc5Iz6Ve3tFJF5heJ1TBDnHOTn\nnH+c1T8/baNFJLsk3/Ph8ZII/XcxHt34q1HdW8k1rGIXUSfIFYhgCobK4wcdM+/rUcvWxg59DySO\nDB4HPrU3KJz07Cr+YeAqAZPGR1oEcPG4LuBzg9Kbkbt22M0h34GfpSeWx554rUMsagJGFyvGSP8A\nP+RUZnbcoGPlHOAPWhNmL31ZRWMtxn8Km+ySqPusBnrjirkl0VIJAfsM1IJpBw2OQe3vT1Erdyis\nE3oTmlAeN9wDA46g4zVgyOSckDHbPSoQW3soKjH3SXHTnH9KuKC6FFrcQLFM9vIkcjALJnGa6uwn\nlQoJpH3AAAEcf49P5Vz0+q3M9jHaSGPbCBtYdcDpnnH6CtW31SyE4AcEbQM7T+NVJPsK50jL9uhJ\nR1+QHeSTuVcEnjuCBtIPXd7VU0+++zTSSsPkddxRgdu7ODnHPv8AlTY78RXrSZ2xjao5OVOB835j\n06CkSG4trkFHkdOpkRiu4c45H1H15pWIOJy+9STuGRkelKB8wHGz371rvop/hmUf8BPP60g0dh/y\n1jP/AAE/41EXE6HTkZSxscj5t4zlvzzUkcDH/lkcjkD6d/0rUXTJAP8AXxj6Kf8AGkbTQf8AWSRk\nf8C/xp3RPIzO+y8Ahj8w6gdOKlMCsgcHczcMMgEVK1tEp2o5GePX+dQm0iD53vuHQgDP8qB8jBbV\niMsy+nWq+DE5O3Ljjk4wKnFnCSyiaTOc44posYWmMZlbGzdn3yRVxlYHTIMhydoXBG0gdh+daemp\nZtKyxrKuQD98jPPt7GoDZWwQMgbec9fXGaVUUxqoBwGOQeT1+lXdSRLg0zZlkSJv3wH70oVxxkkZ\nOPzA/D2Fa8N0IrcLbylZIx8rNjGCehH0rI0+OHVBHpxiHnKQyBpCrNnqRng/TjPatJLeWGcxMhbL\nFVkkGBx2zjGfaoa0uQ+wv9nWnfU7Uf8AAJf/AIinDTbEjnVYPwjlP/stUvInaFpUZ2UMoAwAxzk9\n/YZ/Gj7FeG4SDFwJnI/ctFh8f7uM/wCTWNrHSp83U05tG06Bwr6oMlVb/UN0IyP0IqB9P0cghtSk\n/C1P+NWtR0TUpbmN0t7oj7PCOIieRGoPb1FVf7A1MghrS7P/AGyP+FV8ib+ZWTSNGuL2C0j1G4Dz\nyBEJsxgEnA/jqiY9FBOLy+/CyT/47WxpXh7VY9dspntLpY47iNmZ0IAUMCazm8M6uoYHTrjI77Di\nnp2Gn5lcHROCb6+P1s0/+O0+3t9FmN3cC+vSbeFWYNaIMguF4/eerD0qt/wjeq8g2LL/ALzqP61b\nsdBv4rXUw8cQ821VBuuIxyJUbnLccKa15YkOchIF0IspF5ekgn5TbIM9f9urd7p9hZJC7SXQE4LJ\nujQA89PvcckVmWukzW9yTJ9n8xV3xg3MW3qed27H4ZzW9qen3MvhLSZSYXnWWUPm5j2kFs8Nu2ng\ndAfX0o9mnsJ1Wmc/dJbxGKSFpfMD4PToMY+nX9DXQLqim2gkundlQsqzA/vISexH8XQj2HesvUtM\nktILe4R1dDhkbggqSf8A4lvyHtUlk9veWklrIf3jMHKgDBA4GD2PT2x+VNbIyk09R0USNorBW3Zu\nc/kv/wBeq00IdfLd92B0YA4NFFZPcum9GXr7zNtmWmJJtY888nGR/SqnB4aVvxNFFacquxqTRY0n\ny/7d05hKTi5jB/76H+fxrLuERT8hYkckd6KKLIq+pWYRNwSfpj/61S2oijt78FifNgCDj/poh/pR\nRVpA7Nj7+KI6Zp7LEAxjfOPQOQM10U04tvh5onIRvtUmGwTgZkyQB9aKK1a0sc7F1mFH0bS/Lkgm\neGNkYwnAxu4xwOMH68/WufaBIpC2QynA47ZGemeKKKxpu+hclqj/2Q==\n'),(5,2,52.417,-4.07025,'National Library Road','This road leads to the national library, which is awesome.',1391130000000,'/9j/4AAQSkZJRgABAQAAAQABAAD/2wBDAAoHBwgHBgoICAgLCgoLDhgQDg0NDh0VFhEYIx8lJCIf\nIiEmKzcvJik0KSEiMEExNDk7Pj4+JS5ESUM8SDc9Pjv/2wBDAQoLCw4NDhwQEBw7KCIoOzs7Ozs7\nOzs7Ozs7Ozs7Ozs7Ozs7Ozs7Ozs7Ozs7Ozs7Ozs7Ozs7Ozs7Ozs7Ozs7Ozv/wAARCACoAF8DASIA\nAhEBAxEB/8QAHwAAAQUBAQEBAQEAAAAAAAAAAAECAwQFBgcICQoL/8QAtRAAAgEDAwIEAwUFBAQA\nAAF9AQIDAAQRBRIhMUEGE1FhByJxFDKBkaEII0KxwRVS0fAkM2JyggkKFhcYGRolJicoKSo0NTY3\nODk6Q0RFRkdISUpTVFVWV1hZWmNkZWZnaGlqc3R1dnd4eXqDhIWGh4iJipKTlJWWl5iZmqKjpKWm\np6ipqrKztLW2t7i5usLDxMXGx8jJytLT1NXW19jZ2uHi4+Tl5ufo6erx8vP09fb3+Pn6/8QAHwEA\nAwEBAQEBAQEBAQAAAAAAAAECAwQFBgcICQoL/8QAtREAAgECBAQDBAcFBAQAAQJ3AAECAxEEBSEx\nBhJBUQdhcRMiMoEIFEKRobHBCSMzUvAVYnLRChYkNOEl8RcYGRomJygpKjU2Nzg5OkNERUZHSElK\nU1RVVldYWVpjZGVmZ2hpanN0dXZ3eHl6goOEhYaHiImKkpOUlZaXmJmaoqOkpaanqKmqsrO0tba3\nuLm6wsPExcbHyMnK0tPU1dbX2Nna4uPk5ebn6Onq8vP09fb3+Pn6/9oADAMBAAIRAxEAPwDyMCpA\nPalCc09V561g2OwgXk5o24xinY9cUuB780hiY796UClB4yO1IAc9aaQC9BTuOtAUnrxS4wPSnYQA\nninjqDTQM+xpcEHp+tUkO44HNPXt1IxUYOBinKSehrRIFIrBcNTsACrHlbhkVGVwxFcqZdiMDmjG\nKeBweKQj8KpEtDR16U+Nc8kUgXLU9QBwOTVAkBXcDzmjacDv9KeoySDj9adgHoSfw6UIdiMDbzin\nlcnIGc07ZnPy4pyx5DcZyOB61VxKJCAT2HJp7fIT7k1ZKLtGwZGO/TPf9MUSW5LEjG0HggevNVGa\n6lOHYjaIxtg8GlMYkBxgGtR7dZflcbW7H1qpLbPC2Dxx1rli+q1Rs4Ge0RAOeDTCtX9okBVuG7H1\nqvJEythhit1HS6MX2K+3k0owBin7T0pCpq0iGGeOTinAfNyB1700LxThkkBQS1HKCY87+wP0x3qY\nLiJST8+T8p4wMURbEBadvmHAAPX8KrSFpGznjtmoSvoNz5S0skZ2qZBnoTipJF2hgSOCMDHbFZ4T\nYPX8akDs3JOSetaKnqR7Y6q7SEgsrCqRRpNyFC6qu4kdVHr+tR6cy3ekzyzSkSwkBBu5YEMScH6D\n86sabeTWEMl7AQJlA2MRnbyPXg9OleTDmpbb7HpucaiuZVxC6HOcqehFQj5vlkzgdD6VutL9slku\ndn+t4ePb1469f5dK6CLwLJceHX1eKSPYAT5ZHOK9SlJOPMtPI4qi1scH9nY/096ieMqa7DwodMj1\nRRrEfm2q5GPQ4rL12K1OozmxQi33nYD1A9K6FFHI5u9jBCFnAAJzVgr5PMZTj5c461KYvKhyCPnz\n83sMf41Dcyo8flw/NhsjIwcVzyfNKyNtkNnVULJgEg9e9VieQBkH2p7O7Hex5+lJsbI+Xn69a0jG\ny1MG7vQDyMnI/rSAHPTNO6ZH8q0NNtsyq7r8pOB8u49DyB36VV+VXBLmdiKK1eCP95ldw7dR2/Kr\n+sWVzpcUUU8iEMAQEbIIxnr0/EcHtkVduFtryARAMjK+7LtnNQz28lzCsbGJSo2gs3J6f4V5sHzN\nNnZDSDiZdndyQZCOwDgBsH3z/Su3mn1fSNJthcM8dteIZI1DjDrgc4B46jrXCtpt5bOQ8LMPVPmG\nPqKvvdTLpKKclo5CqRlmyqkZOFPTnnNdjbunAim7XUiby7mXTxqEduwtzMYt/YyAZ2/XBzT7q7a8\n1G/uLiBoXdwTE38B5yDwKqQa7cDSk0uNV8hLo3W3ODv27ev0FXNV1SHWtautQkUQm6fdsVsgcYxn\njP1rZTfNdoz5dNCpIo/s15E2sd+0fN8yd84yPpnn+VZixlcE8AnB55rTlhwS8TkArjHr/jUl5Eja\nbIqKfMiZSzYGD1BGfris20nddQab07GYrIoBwp9iant9Pu9V3pYwNM8SM8gReFQDJJJ6VpeD9Bg1\n2+e2uZJI48rkxkAnr617FJYafo3ha8s9PgSCL7PJwOSx2nkk8k/WufEYqFKSh1ZUKbkrnhFlaxzL\nh22uOeTg/hWpCyZjGAwXjLn9azIQdm0A5ByNvP8Anofzq1HIx2jbhR078VvLUIKyJIb9gARLuH1J\nq4LlJV+faxPtWRbaWUIbao/7bZ/TFaMVgccSov8AvKT/AOzCuZ4fXRmfLIkXUBahhtjAYc5QHNVp\np4p5VbCfdOduAD09K1LbS4ZcCeSNwf7kT5/9Dq5H4a0wt8n2gNjnaU/kQa0jTcdSlBvS5zjpC6/6\noH6k8frULwQsuBbx/Uk5/nXVHStMg6sXx/DIyZ/IKDVeTTNLZsqgA/2Xf/Gqvbcfsp9GcwsJ27Hh\nkdR0Cv0/Q1eVSLGeIRSxZVfmbBDYI4zge9bK21nH91Mj3X/HNVr2KFYXFvGod8DLemc+ntSlUT0N\nI0pLVsZ4YvRpOuxuynyWIBbrg4447nOBXX3fiC31dXNvJuQKFIZSDnrkc9MEdq4q0sSJYXd2U5D8\nLkcN+HtW3o1tHZ6dexM6vIWjMZ2kHAQg9vYd65qsYTqc/VHoYO8ZKNht6kUsDK6g/Lwe4NYICqMY\nBz2x/n1rcmyytkcY5rCA+baOR1x61vT2NsyiouLQJJ0Aq9BFMckgIB13df8AOPXFOAgtEzgc9+pP\n4/4YH1qpNPJPwSVTsopKTex51kty+b+G34izO+fvH7o5/X6frUL6jcTDY8h2dkGQoGc9KokY78e1\nMZifu8DPWtES2W2lxzx+dQPOwHDcn9KiD8jLEjvxSuyEYQn8aYri/bJU7mn/AG1Wxn9RVfYcHrTS\nvFPlTDmaNS1uFkVomIJXJTrjoT/SrTTSIWHmBT0yBwazNPZ1PykjqN2eg71alRidy8AjIYfXFYOC\nUjX2jSuiJ7idowXlcsCQecA/gKb8oAyMYHJ7HrT4ofM6sQQMfpU32RthITcOgBGT+H61q2k7HLKp\nOWrK5Vncu5JY8k0bMnBGKshDjGKXyd2d2ahI2uVURV4BzSMiYLcE9qtpbIOSM496eEQgKABirQjJ\n8tj7D2q2lrDKvyuQferLWgCkrnnqKZ5QXJRWBHQdaYinPAYG2g5HrULJxxWg4LgCQZ9+hFMa3GN2\nOOxqkJkVjhZcOWVWI6dK0fJXd/rdjfd2ZwFyT+grPKvE4ZeCDxV8TpJAJAyg/wASZwx9un+c+1Zz\ni9yk9LDY4yuVAwQ5Usp+nTFPhimlQoCc5ztz1P8Aj1q/bNG8LosLZkXcO4A/2unOCMfgaa/mIoZS\nu5eOoOeO3r1FS3cnkIVhwM5p/lDNTLETxUgjxz0NVYLlTZjtTDGN33efWrrINpqnKsxYkg896pIV\nyRV44AIqrNbu0mD07YFWYd2PvAEdc1dWA7g3U96NguVoo18oBgv5dagaLKnLCTngY6VpMm3PyZx0\noWEMQwAAx6U0Mwnts/cVsdPoagaJl78A8D3rp0gVEIA3Zz1qi9tHLu3Jtwe3WqTJZn2ly1tI29SQ\nVww3Ecdun4VcR45CGKMmFCtgBie+efeqs8AjLBWyOgIPanQzpDgNErD0wcfzqZQvsNT7m0sf/wCq\nl8oH3pyxueGbJ7YGP8aa1q7OD50mPrj+VOxNx3kBhyeKjeOFAR5kaHHUmpHsVYfNlvqc02OBYpBh\nVHbpQMzxCwkyzbQT1FXI54owEAZifQVcCoy7dvvginQWyxgN1b3HSgRHsd1yqAN/tn/Cj7NMMnzV\nwT/c/wDr1eVfyNO2cc4/wpDKCWzKxJnbnnAUVILVCM/MfXnH8qmJw+3acHvUwG7nNAGVPpUEgYrv\nU/XNZM9q8DFAeexArqygIqleWglQbUyfXgEU02SxFXJFTKnXP4UUVYluOKDNIYl259OaKKVimRs2\nDjHTqBVhWUeoHpRRRbUVyYAHJ/On7cCiipKAAd8Yp/lj8KKKYDCu0ZqJ9o5YnAoop20JZ//Z\n'),(6,2,52.4167,-4.07229,'Bronglais Hospital','Lots of drunk students often go here!',1391130000000,'/9j/4AAQSkZJRgABAQAAAQABAAD/2wBDAAoHBwgHBgoICAgLCgoLDhgQDg0NDh0VFhEYIx8lJCIf\nIiEmKzcvJik0KSEiMEExNDk7Pj4+JS5ESUM8SDc9Pjv/2wBDAQoLCw4NDhwQEBw7KCIoOzs7Ozs7\nOzs7Ozs7Ozs7Ozs7Ozs7Ozs7Ozs7Ozs7Ozs7Ozs7Ozs7Ozs7Ozs7Ozs7Ozv/wAARCACoAF8DASIA\nAhEBAxEB/8QAHwAAAQUBAQEBAQEAAAAAAAAAAAECAwQFBgcICQoL/8QAtRAAAgEDAwIEAwUFBAQA\nAAF9AQIDAAQRBRIhMUEGE1FhByJxFDKBkaEII0KxwRVS0fAkM2JyggkKFhcYGRolJicoKSo0NTY3\nODk6Q0RFRkdISUpTVFVWV1hZWmNkZWZnaGlqc3R1dnd4eXqDhIWGh4iJipKTlJWWl5iZmqKjpKWm\np6ipqrKztLW2t7i5usLDxMXGx8jJytLT1NXW19jZ2uHi4+Tl5ufo6erx8vP09fb3+Pn6/8QAHwEA\nAwEBAQEBAQEBAQAAAAAAAAECAwQFBgcICQoL/8QAtREAAgECBAQDBAcFBAQAAQJ3AAECAxEEBSEx\nBhJBUQdhcRMiMoEIFEKRobHBCSMzUvAVYnLRChYkNOEl8RcYGRomJygpKjU2Nzg5OkNERUZHSElK\nU1RVVldYWVpjZGVmZ2hpanN0dXZ3eHl6goOEhYaHiImKkpOUlZaXmJmaoqOkpaanqKmqsrO0tba3\nuLm6wsPExcbHyMnK0tPU1dbX2Nna4uPk5ebn6Onq8vP09fb3+Pn6/9oADAMBAAIRAxEAPwDx5upo\nCkjgZob7xpUcqcikA3uaKe7B+SMH1FPHlsmGwG/vCi47EIFLUkcW5sMfoRSPEY22nv0NF0FiOinv\nGyfeHXvTcUxCUUUUAJRS0UAOzkZz+dJTsbMjrTaAAUuKBTwKAEApQzDjJpwXNO2UgGeY23aQCPpS\nK6gYK5HpSlaaRRZDuKojyc9D+lAjXBO/PpimYoosFxVid8kDgetNAJOBz9KXJHc05ZGXoaNQ0B/v\nmmgU+YfvD9B/KmimhCgVKiZpqirUMeTSAEizUhgIQnFaFrabscVcmsCIhx1pFWObePHaoWXFa1zb\nFSeKz5EwaYrFYikxUjCm4piGYpcU7FKF9qAJb5QtwNvQxof/AB0VetNBlurSO4SdRvGcEdOap3SM\n8inH8CgYHtXW6NF/xJoM/wB0/wAzWcpWWhSV2Yg8OXY6SRH8TVm30O8VhlFb6NWheyPDGCrEZOKS\n0uJtw/fH8qSk2h2Rq6Totw7qrQk54FdLqvg+8toIcwZMnAVeTn0qpYXs2nOgvInjbCsu5cEg8g4N\ndW/i8SKrkjdGAQdmcH1p6lHlWtaTcWUzxywOjL1BUiuYuY2VjlSPwr1u/wBUh1a8dzJvlY8jbWbd\nW8EcbSTBFRepYcUuawmjyphzTcV6TcaVBc226GGJi2CGAHTP+FQHSNIkH+qtj9CKftETY8+C1Ike\na7s+HdKfpCn/AAF6B4W089EcfRqFUQJHGPDckxukEjoRwQpINd1pGmXa+HLe8lt5EhcsodkwpO4/\n4VX0zRLK68IR3pupluC2zy1IKj5yOmPTJrb0628rTrez8yOREyBvBzyevpWUpJ6FqJj3elSX6COC\naFGWQZ819ueO3rUh8MahBMTGsbADOQ4B/IdK17yxjDRhSuBIpwv1pU1vUbWS6jgYqkjscqOWBzkH\nNaUo87tczqycForlG+F61u1zf3Qd1ZFHmOWdyQRgHnoF7kUkEk32SZywRJV2ZYdgQaspANQsXhcC\nJhIHHfnBGf1rXsrm0XToNK1WI3EMO4xiL5CfXPPqQfwFOTUW4tlRvKPNY5vTyINQVmlR9xxtB59P\n61v6lpTX9jJbhghfHzEZxzmmyLpEF6k9jYTQbScsZCWI9Ovfoann15ViPkWxMmeN54rOcot6DUZW\n1Q230wwWUcH3ikYXOOuBXNP4KvAMCaI/XP8AhXRJ4iuUlB+xRMowSCxGadc+J7qdzIdOgRj/AAo5\nC/yqU7D5WcqfB+or0aE/8CP+Fb01hMumiGP/AFioq9cdMZobxHdchtOTj0l/+tVu48Q2wsvLhsi8\nu4NvJxn2/rSbFZnBeHl2Qed1BwGU52tgnggdfx9K6iS7tXslJt1QocbkJB59vTiuY0ZtunxjcByT\n+tasVyXM9szxEeVvUAkuSCM+2MZpNts0S0LUUxkO3zGQYOOpz+tXYLVZEwI+exBrJhIDAitmzlZQ\nNpoKSLtvpE5QsivzgHawz+WKgu9MvIb+3REuZGdGwRGCo6dTjA6GtS2lDEfOQfrV2e7uvJCs5ZR0\n5qdSjk7i31SN9pDL/vJiqM0Oq4LDn6KDXTXF1JjCzyKfTcaybq5nBx9slB9NxoEZUM15HJi637R1\n2qM/ypt1qEkbHyUlI9WA/wAK0Y7uRZA0922B038mqN5qO5nKhwpPYn/Gn8hdDL/ta9LE5IH+6D/S\nrLasi243CYyE8naoH8qqvdZOTI+PTrTZri3lhCnGevQj9c07eRJX0kyfYU2q55Iypx3q9YyAeIUS\nQKrSRGPDHLHIrBs7l47RV3YUE/zqe1mzqkM+9llBGBjpTa1ZSWh0CSFGIJAIOMVr6dKjSKrEkH0r\nnLjMV5Irv/FVi3ugp4NIEd/bWsHmGOSRRnlH3fKfY+lTSvZw2AZbnbKJSjxyNuBGOox2965W1vdy\ngFifWrcccN2ro8n7zGY1LYDfjUlE9xNaTB1aRVbPBVsj+dY07tBIQjJIPrUqw2rStG6OJVyGiLY/\nI1BLBbqpxIShPDscFT6HtRcREG091fzRJFJj5RnKfj3ph0+W5A8uVZAf7vCj8eQPxqC6gmgGWUNG\nejjoarJJLA2+Fyp9jT9BDbuG2jXy87mH3pM4H0HTj3qnHp7XBYxttUcliRgVqJqiyApcx8nqwA/k\neKkns4bu3jjsmiPdwTsZj9OnFPmaJtc5C2OIlY9s9e1OWYm53jg9qrQndEMn5R29adI+GBXritba\nhfRG/dbwYpHbcZEBzSJNtPAqKRzLo9rM3LDK57cGoElbGAeKzWwM3LW8KkZP4+laH20OPmAUjoy1\nzUc+3vzVuO7O3GeKGhpmrcah5hBmjDsvRskGqk+qyvN5gCrxtKgZDD39aoyXPUE1UeUZ9aSiFy6u\npTwuTGdqnqnVfypEuhIxJAUk9BwKofaFPBODSGTHIqrCuajKsi+9QN51uehwfSooLsg9elatvdpI\nuHAB9TyKQHFRMyrj+HsKseRJLGJFAx7moBhOaUs+3G4gema1d+gr6am9YRPPpEsPBEZ4+vWqUbDo\nTzT9JmkRXjTJBXJGeDVecGOZlIwQazitWgexYDYpwfAyKpiRh3pRMcYNXYVy2ZAw681C7gH1qv5x\n6CkL5HvQkK5IWA5pVlqvuoB7inYVy15hHPWrVvOwFZwcfWpo5R2NTYpMor8x5of71Rh8GlYmtLE3\nNTSZFS5UN3UimXrh7hiq7R6GqMMhjlVgcY71PczB3LDv3qOX3rlc2g0k+tN3dqZv3dKUYFVYi5IS\nMdKZnBo3CjOaAAnIppYik6daCQaYgDE1Ir4qNeKXNAIgHufwp5PeiiqAVBkj3qWaNlBz0ooqeo7a\nEOcUgJ7UUVZI4H1p4YCiilYEIx3CmUUUIYbqUHJoooA//9k=\n'),(7,2,52.4161,-4.07761,'Long Delays Ahead','A mildly yellow road sign',1391130000000,'/9j/4AAQSkZJRgABAQAAAQABAAD/2wBDAAoHBwgHBgoICAgLCgoLDhgQDg0NDh0VFhEYIx8lJCIf\nIiEmKzcvJik0KSEiMEExNDk7Pj4+JS5ESUM8SDc9Pjv/2wBDAQoLCw4NDhwQEBw7KCIoOzs7Ozs7\nOzs7Ozs7Ozs7Ozs7Ozs7Ozs7Ozs7Ozs7Ozs7Ozs7Ozs7Ozs7Ozs7Ozs7Ozv/wAARCACoAF8DASIA\nAhEBAxEB/8QAHwAAAQUBAQEBAQEAAAAAAAAAAAECAwQFBgcICQoL/8QAtRAAAgEDAwIEAwUFBAQA\nAAF9AQIDAAQRBRIhMUEGE1FhByJxFDKBkaEII0KxwRVS0fAkM2JyggkKFhcYGRolJicoKSo0NTY3\nODk6Q0RFRkdISUpTVFVWV1hZWmNkZWZnaGlqc3R1dnd4eXqDhIWGh4iJipKTlJWWl5iZmqKjpKWm\np6ipqrKztLW2t7i5usLDxMXGx8jJytLT1NXW19jZ2uHi4+Tl5ufo6erx8vP09fb3+Pn6/8QAHwEA\nAwEBAQEBAQEBAQAAAAAAAAECAwQFBgcICQoL/8QAtREAAgECBAQDBAcFBAQAAQJ3AAECAxEEBSEx\nBhJBUQdhcRMiMoEIFEKRobHBCSMzUvAVYnLRChYkNOEl8RcYGRomJygpKjU2Nzg5OkNERUZHSElK\nU1RVVldYWVpjZGVmZ2hpanN0dXZ3eHl6goOEhYaHiImKkpOUlZaXmJmaoqOkpaanqKmqsrO0tba3\nuLm6wsPExcbHyMnK0tPU1dbX2Nna4uPk5ebn6Onq8vP09fb3+Pn6/9oADAMBAAIRAxEAPwDzDTNT\nOmTSyfZLe582F4Ss6khQwwSMEYbGcHtVYSL700Rs2doJo8ogZJxUNo2XMWHVpYSwVgoAOWBA/wDr\n0wwKNrC4hYtkFQTle3cY706WC7itYpJVdYX/ANXu4DDkZHqOD+VRCNupGKhPTctq72HG3j894xL8\nm7akrL8p5HJ9OOe9RmIp5bzq6pINy8feUEjI/EEfganSM4xipHtwyqTj64pe0sHsr7FSSRJ514Ko\nBgVEfvcDvxUrwvGWyMqDjNIpAAFWmktDJpt6g0boq70IDDIPrTU4JNTwoJCSZVTaOCxpo5680KQc\nmlzpF1BILW2jguVjjEIJXeCQxJ4PHXG30/PNUp9WuGZXE2Qql9u4EjJxg4+maynAwi98f1puQsRy\nDyRz/P8ApSSQdSQu2PlGBQsLzZY9B3NTYbpmnB3CgZ4HbArLm7HXy9y3NPHJbxQqifu1UZ2BckDH\nOByfc1WcITwuOO1KZ2K4KJx324pDMpA/dge4P+NZJWNW0SrbybfunOM7cc4pivjI6g9Qe9NMsZxj\nePXNBaItgSDHqwxRZ9R3XQk2pjJ5Ru/p9ar3FmgUtGwBx09akXchJRgV7jd1pTGwGR909Pamm0yJ\nR5lqZpUqcEYNOU8VPIR0ZDUJHoOK3TuczjYRmy5yO2KGyEUZyDz/AJ/KkVmDE85JzSOdz5PGAOtU\njJmlTeKQg0mSO1c533HYHXimkA0ZooJuJt74FDLnoMUtH1oERGM9sUDzV5BP4Gph75AH40gYHO1g\nadybIi3Pnk5pQ47xg/QVL196QqO4/SncLERdT2x+NJkN14/WpNo9PypDEKd0S0y/JaFejgZ6eYNu\nfx6frUMkUkXLoVHqRwfxpizSwgsjsOOgPWojObmRTKAiAY2oAPxPqc1EITb3LnVgl5kgG7pznpik\nZdqliQMds8/lXTeAfDR8TeJLVPsbPY2xD3bn7gHJCk8ck8Y69ewr2RIbbS5L6LRdD0+1kjPkRzRq\nq7pjGHUSBQCF+ZRnOST070VGoK7MfaN7Hhen+EfEWpsotdGvGV13LI8Xlow9mfA/Wuh0z4U65eMj\nXc1rZIchwzGR1/BRg/8AfVejrq93fQWt9BdTuDHh7aGGMqZMgqHVd7R71OQS4C4BbrirUFjcSwxx\nXGWaMtHL5hGZ4+VJJAP3hhsDHOBxXz+NzKvTko07JP5s0irp3PJPEXgGPRrUrBfTX91gsuyLCMA2\n1hgZwQevP+Nca6GN2xEy+X9/g/Lzjn0r6F1zT9N+xMNRnSYwRm6kDgZwq4dtg7d8AdT64rz7VY4N\nSup9Jxsd13Auv07ZySOQR2KnPvtgsyqWcKqvbd/8MDpKXvRZ56rB1LLyBwaUH0NM8swkoUKtnkHq\nKM8V7rS6Exba1H7j16/UUbvam7uKAaVirkxBZWHfFRwTHYHwoZcY+UHkEev48VaWHaQck1XubVsl\n4c88lferg1szKor6o+lvC2o2upeG7K8s4o4Y5ogfLiXaqN0ZQPZgR+FS3c+lQtLfzPG32XPmumW8\nsqpb5gvoM4z0zx154L4Na5BJp0uiSb1nVmlXcwwfuggDt6+/zGu6t9JkguNskVsbeOKSJWUndKrN\nna6kY49ckkknjJB4XCag42ukRpe5WvtdWxjjZ9OvEaUsqRrFvZpANwQBcjLLuIOdowckHiq9+9yb\n62ltJJpbSdAAsONueo5AyNyk/NkAbB3args7PSn8yaWWV3IWIzvvZQqsQq9+AX5OSQTkmmx3j3mk\nzS6ZEEuIk+WCVQSvAKgqGGCVxgZHUZr5yrBzqcqWq3/E2WiuV00nUby5s5r65EIsgw3QlWa6PAy4\nKYUEBvlXP3uoxXHeJbDTtBvreGBXZ0EYUMSzIDlF5PQdR/8AXPPYRJd6peLIHN5p80T20rwuViZS\nAwdB5ncOVLfMcpxjJrD8UeH5CFv767We8WIRAxBohsGc/LuOTlic9vlxjqeipSdPlm72/P8Aq5pS\nl71jyzxSI59ae7jiWJbpFm8sBhsY8OCGAI+YMfowrE2Guy8Qack2lfaYESM2jFmVRjcrEAnAHJzt\nP0BrnBYyPEHiKzDqQpww+or3MNWjKkvLT+vkKUGpNGeUphUjrVl0KttYEMOoPFM2cc11JkWNe4jh\nRcqck9OeKpkE98VPt6g/zprLtGew9aIqxMpXLnh/XJvDuswX0MYlZGGV4ztzyAcHGQSufRjXuU2r\nW+r2cCJdEeZOCYbaYxyzxbdylDlW+60bnbzwV56HxrRbGyNtFPd7XkvWMcat0AyR/n616Z8ML3ZY\n3mhXOPtWmyYRyBl4WJZec5OCW+gYU5Qb0XUy5kXD4eur/wD01riWzuH5MnRnEcpMJkT+PKbdxJBG\n0AYywq1bnTNEkuJFlJ8qOKOVQ5byIQTsyOyjcxye2ecDjffcrEMflP3T6GuR1WPT7HXW1nVdUjs7\nUW4hMLqpEwy+5SCCWBBHyjrj2r5vFw5cRCKbTb+82g7p3Ln/AAkJvbyO2t7iOGK+tj9nmBQHzeem\nXycAqcBT94HOKz9ag3aP/aOsXNtZbVUmac/vXCEtGAOAHKtIrgA55wMcVyut/EKL+0t3hi1K4Qxv\nd3KEmQ42hgucngDlvbI4rjNSN1qN41zf3E1xOeQZZC20Z6DPQc9sV6FPC1pRcar0+/5oXNFO8TRb\nxSFaWO3tY5YJGw/mg/OhyCBggjPr1+lYsUy+YUdSxHKurYZR0x+HvTWhK8Yx6U0qcqy/eB5x6V3U\n8PTgmorcbqybuy42yaLcHW8wcBSMMo+vXNVHt7dziKYwOP4JRx+dPxu67gQchlOCDU6uxXbKFuFH\nTdwR+NQ4Sjt/X6GqmpbjABnFKYxIpUggevrSPLHEw39T0wOTUkUkcwJQ529RXScxJbeTbyI88bSL\nEdyIpAGT3P5CtPRPGE+i+KIdYnLm2IMVxFH3Q/1Bwfwx3rM25GOcVA9sc4zjuD6VS1VmZNWdz0jX\nviwZXa10SzbZj5rm4XqCP4U/Igt+KmvPb+W51O+a7v7qW6lc/flOSBk8AdF69BgVFbKCQxABzhsn\ngGrRUE8sOeKzUIqXN17lK7IoIliXEa4Uc9akI3E7uKViuMIDx6moQrEYZ2x14NXuNaEjiAKFdst2\nA5NV2UKakEYUAAD8KUrikkO5WKgtxx+FJgjkH8qnK0wjsKYXIHsTLJv85uMDpyKt29ukK4UdeSx6\n06OIxj5QMA5NSnGAd3GOnrQAqlSp4DZ6H0pSgbg0ojGCFGPoMU7aQOOaBFJl8ufno46+9ThfXoBj\nn9KlMKsMtk4ORQy5GKZJDnquPp70qeX82QcnoQelJlfMMYYFhyV70/Hr+QqrCuJtoKkDmnKe3Y+t\nI1Kw7kTLjoaj24/xqfg8jrSFRnmk0CY9fvkbhx6dCKCN4wcge1Vra7S4l2qCCBn0zV7aD7kUirkE\n12lsg8zpnGB1/KrEMizxB0+6w71m39lPNN5i4ZSOAWxj2q/ZxywwIki8jjjnimIkxtySevY9qXaS\nOcD3NOGWBwAfxpxUBT1yOcmgRCUAOcAH1poTj/Gp2GQcYz+dMClY8Nk+uBVIkhIGcDpTSOM9x6VN\ngE5I69qaVx1NUQRFflweRmmNhxtbOPYkVKeeTWXqUsscqhGZVI7HHNIC7a20VsMpkk9z/n61aVc8\n+ucYqNJCoAB6cEY4qV5Mkgjg8A9Miosa3FCjPHPfGP1qQdVUjG7vUanPGCF7HPbtUuRnBPbJz0oA\nBuwTjAxnpyaf3OOx69s0YOSGx16nilBwMHrn9aAK1nFcRrIbiRW5yvf9an2lQfTilB/4CB1pd25D\nx075oEQSDeSOMU0r8o9aeyktxkD29KNo4wM1ZDREU9eKikjWRfmQNjpxmps/XH86Yx2ryMHpQIzb\nq/MUpjXDN3Pb2qa0vBPGF2/MAc4GMUUUii/EoYjHT06jFTKylM9Mdc0UUmWhQGyp6E9vUc0bt+Q3\nU5Gcc5oopAIw3IN3O7sQOadtQABV6DAz1HaiigBCOBhRtGOKjZtuTjOemKKKpCZG+TuOcDsRUT85\n46GiimS0f//Z\n'),(8,3,52.4127,-4.08866,'This Is A Test Photo From My Gallery','I think I took this in my house, actually...',1391140000000,'/9j/4AAQSkZJRgABAQAAAQABAAD/2wBDAAoHBwgHBgoICAgLCgoLDhgQDg0NDh0VFhEYIx8lJCIf\nIiEmKzcvJik0KSEiMEExNDk7Pj4+JS5ESUM8SDc9Pjv/2wBDAQoLCw4NDhwQEBw7KCIoOzs7Ozs7\nOzs7Ozs7Ozs7Ozs7Ozs7Ozs7Ozs7Ozs7Ozs7Ozs7Ozs7Ozs7Ozs7Ozs7Ozv/wAARCACgAFoDASIA\nAhEBAxEB/8QAHwAAAQUBAQEBAQEAAAAAAAAAAAECAwQFBgcICQoL/8QAtRAAAgEDAwIEAwUFBAQA\nAAF9AQIDAAQRBRIhMUEGE1FhByJxFDKBkaEII0KxwRVS0fAkM2JyggkKFhcYGRolJicoKSo0NTY3\nODk6Q0RFRkdISUpTVFVWV1hZWmNkZWZnaGlqc3R1dnd4eXqDhIWGh4iJipKTlJWWl5iZmqKjpKWm\np6ipqrKztLW2t7i5usLDxMXGx8jJytLT1NXW19jZ2uHi4+Tl5ufo6erx8vP09fb3+Pn6/8QAHwEA\nAwEBAQEBAQEBAQAAAAAAAAECAwQFBgcICQoL/8QAtREAAgECBAQDBAcFBAQAAQJ3AAECAxEEBSEx\nBhJBUQdhcRMiMoEIFEKRobHBCSMzUvAVYnLRChYkNOEl8RcYGRomJygpKjU2Nzg5OkNERUZHSElK\nU1RVVldYWVpjZGVmZ2hpanN0dXZ3eHl6goOEhYaHiImKkpOUlZaXmJmaoqOkpaanqKmqsrO0tba3\nuLm6wsPExcbHyMnK0tPU1dbX2Nna4uPk5ebn6Onq8vP09fb3+Pn6/9oADAMBAAIRAxEAPwC+qklA\nTjg4IHTmnMq5KgjHTrk/Q05RzgA8Hr2+lSKh4U555ySPWvIZ7yICpUAEnCcDHP4YprIfMxjA9jzV\nvy8g8nt0GKaIVC7VBCqO3SosMoPECuQQPXBqtKh2E5OV6YHX861JVXH4c+9VpFHODx0xmnYtGVcQ\nNyuVQYLZ75yMZP58VV8lthEUf7oH5gegUcDAPbpwK1GXPzhdykH5qrSIe57g/MMZ9qpDMuSMryMB\nsZyW57dPwqvKAUK42Ac8/l/h+Z6davzwozJ6Dv1z271Ul3kDoMKQDk8nkktxwP8APvVK4Fbcc743\nKkBtoMQ4OCPyz7f/AFopLiBJXSOWIIrEL5kabsds8damkRNudrkBDyFC564Pcdf8KrC8kjAQvHle\nOWT+grVaknpwQfNtySeRyf8AP+TU0MDXDrGg5PAGaRVyo6//AFqvWC4k37eVIGAOeaya1M72RsWf\nhy2CBpRvJ5yD/hUs/h2yKhUTafY1Yt7kxEAo5DYxxU6znzHPLeg6YrZKHLY86U6qle5xupaTLZkl\nTlOmT1FZUiHdwPmHIbFd7qGZYSfs5bsRuFcXcQFZXUKRg8ZrnnGz0O2jUco6mbNGCegJPHXr9f0q\nnKmVwRnI4JHf/CtZrbd90ZyOKha2IBBIBPHPIoN1IxJ4WzldvDDLAke1VnhLrwePQLz/APq4rYuD\nb2y/vpUiUjAZ2HP5/SsO68Q6ZHGRCjzMRwQCB+Jb8PWmm+hSu9hs1sNofygCoye5yOvH+A7UfZ8c\nBOB0xmsi68RXMpYwRRwjAAIG5h+f4dqzzql/k/6bL+Bq1GTBwfU9jiIPr05rQtGa3kEu3t6VRtUI\nYbsgdhWtDEmzcxCj1bipMNLHR2UyTQqcgvirO2uWN/DZAvG7SEdVQf41lXnjbVmjaO2hhtztK73B\nkYHsw6Dj3BrphVil7yOR4KpOXubHY6oyi3KZw3UH0ridS1PTbRna4u4i+cFEO5s/QciuY1PUde1I\nf6bfLMpA+UIVU4OclQcHmsWdJkA4jUHBPydMfj61zzlzyuerhsv5I2k/uNu88aRbM21k+cdZSBg/\nQZzx7isC98RaneBl+0+SrDBSIBRx/tdf1qm6SEFkPzdORj/9dV2jfy2bOR1z0/lUpI7o0IQ2RA5Z\n3LyMSzclieSfWoWcDcSec5ORnrVl1Gc7jk9Pb3qExjox/GtEEkyuSGxtXNN3P/ex7ben61KwH4/S\njyx3cfn/APXq7nO4dz0K18SX1wNrOsS5wUiHUfU9K6jRolvIw7Skv3LMTn8a81sp5AcBzx2HPt+I\n6eldboWqG1lA3g5GTnr9amFiqlH3PcVj0WDQlaMeYcYHXrWNrGgLbPuUBkPIbFdBp2sW01qm+QKw\nGDmptQa3ltSrSKSemK6Zxg4aHiU69elVtI8xvbZELKfTA9KwbzCHKliAcYPrx/XvXY6pYsqO4yUG\nfmH+etcPq+q2enyPHJKGIHKqCSD6cgV56hK+iPpI4iko3lIpTBmB2gHkAiqxUZA54PtUsOoWl8Ns\nEo3A/dY4I+metI6hepJznOeadmnZmkZxmrxd0VGXgBjnnHHP/wCuonTqCRj1qzIhI+4cZwQe1QNw\nM9QP8/41SYmiuyEBiB9ab9nzz1/CpSCTkkZzTeRx83HvVpmEompC2ZFCEPnr6/55roNJinkbZEjN\nkcMvUfp/nis/T7IO6tI3yenr/jXXaZJFbspRAoBrBz7HXOPLG9jp9O8P3a2ZnkkO5RvEUYBZ8dVG\nSACegJOOafqutTeHFmN3pcTWqELFOXA8wncceuQAO2OG56ZsafrcYjAZxXHfEvU5L99PtoQ21pGj\n3dtxC4/GuqlNNW6nzFVVp1H7RaGTqHiW51R3ZQdz9BgBFH4j/OK5qfRbrUGeS7kxuJKgHn6fSulF\ngumxsHs57tYm2yEEKoPbr1H/ANfrU072kcRlcsqBSfLJGfpntXZCKSugcU3ZnmWpaPPpcvmROflO\n4MD8w966HTZv7Q05LhlwwbY/Pfj/AB/Wo9WvReQvJHaIkBJXfHMGz26fjTvCDH+zZkBU7Zjx+Arn\nxC9y76HZgrU61obNfiiSWIoSD0PXjk1UaMKCcZ555rXlTdyfX/OKoyIpyNpPHUHHH+FcaZ7Vigw2\nMdox3GOuKj3epj/EVaaP5AxU8HB7Ef8A1v8APemi3hIBLnJ64Aq0zNxOggZQDzg9Mj+H/Oa1Y58b\ndpOCMnkZP19KxIZvkJGAPTB5qz54EaqMqWOB3PWuXqdpryamyr5aEFu5/wAKx9bhl1PUtMgkRZbe\nSYI+QQMMQOWHTPApBMztuIJZj1rZ0K8tEnaG7QMhKsCVyVkVgV+n/wCqtqLtJNnDi6fNRaSN290l\nP7IeS1jaJVIV4REflweQF2kke4H0rM1/w1GnhmeQrHNcWzq0cjRgtkfe+bknOPb3FW9Y1M+cu75T\njqD0HufzrF129mlt2EV+HhKADEikDHFeolKy1Pn4Qjq7GCPDdzcacbtZWkDIZMAjB4xt6Z/XGc81\nR8L2bwfbw6/8tAoJ7nB/xrU0zUWexezCgGPc5KNkHucVZ0+3MNtJknEjlxkeoX/Csq/NyXZ2YWMP\naadCu6bTtEeCP7tU5In+6u7oTx2HNakrhchiCSOp7Y9KoyH7wwDxyMg/56156PYTM6RC/TGAeMU0\nQkqDtb8qtNzuygyeQDz1qEKuORk9zk07gy0h5X+EDrz+vFKrFmOT8xOcdqr3F1HbxtJMQq7SwyPT\nsM+5rnb/AFqaYmOLMcWT8o+v86unRlU22McVj6WHVnq+x1Zvbe1QiSVAuRu2kE56dBkn/wCtQviH\nTERnF0COCcKc/lXAtO7vlmJOeuaRX3AnGTySe/SulYSPVnjyzio9oo95s5bW9hs74sHjYBst74wf\nr/WpdciE9oUiuoVX+4R3rnfC9vLdeBrKWCVHkjDxyoSCMBzgH04x+hqncw3sIceZIQTxlwwHbqcH\n9P8A6/VCLfXY41UtsYbXiWV1NED+7ZT5m0joODj3PT8aqJ46MKeWdP3MCcnzuDzz/D+lN1WCHS4W\nmuSHnf8A1cec7j6n2H9a5KhwUlaRM8VUpyvB2Z1v/CZRSL+8s3DZxxIDgflUsfiSyncK2+It1JGQ\nT+dcevAyDT87vX9cVm8LTexcM0xEd2n8juBcLLHuWRZFb+INkcDj8h2pDJz2/E1x9vcz2kgeFinI\nyD0b6itT/hIph/ywb8JMD+Vc88NOL0PUo5pSmvfVn95nX93JdTF5DwQMDPA9qpFveu3+Inhm2066\nOp6YoS1mb95AuAIj22/7PXjt+g4au6NraHzlRycm5bjsjv70q8hh1pgp69OnWmQjf8O+LNQ8NzP9\nmKSW8hzLBIPlbtx3Bx/TPStPWPHovrPFravbzt13MGVfcev41xucYppNC0L52tB888tzM008jSSN\n1Zjk1GKKBzxQQKKsxIrqdrKCOpNVvU55pQxFXF2Yjd0jRJdY1WzsY9w8+ZUYgDKr1ZvwHP4V9Cw2\nFrbwRwQoiRRqERR2AGAK8Z+Fdxu8TnzSXENuzpnqGyF4/BjXs/mx/wCRWOK5ZSVjpoaRPINW1tXi\nO5RKMEMpGRjnrnjB6dO9cVDo086SsnylWwiuMFv8OK14Y5Lny5ZlbO7CLjnPr9ec4/xqyrYU8kFR\nzjv61zTr20iexQwEai56v3HIxpuYqcggE/lW/o+k6PqLyRvd3KGOPc5VRt6gdT7n9KydWj2ahI+S\nRL+8yTknPXn65rQ8NiLdM8jiPYV+Ykgkc5HBzjpyPQfjtKTcOZHiVY+ylKDWqLt94WtAHe0v8xRr\nljICWznGOOOxHbkVm2ehNdPjzGbJwAi8mte/vUkt1ggY8kEuxySW65OOf/1fi/TInY7VA5GcZ+bH\nTP0rtw8FKN5HjVq9SCbuWrPw7pmnWbX08Yn2hlzPyiFgQMjp29R61hLPaCOeKbTYTFvG51QpIhzz\nzzx14rqbu4OnW62U5LF8nblWSQcHafbG78x6c8Xfqgu5lkZ+cE7hzn35/wA9e9cMtarO/CTl7NSl\nqyvfpapKRbkDsQrbh19aqorSOqL1Y4FIetOhk8qVX/unNa6pHS2pzu1ZHYeDtuj62s5dWWaLyiCc\nFSSDn81P516iL4AYLHP+8K8VGoPIxZmYsxJJJySfXNbCeK7tI1TzUO0AZZjk/WuV8z3PWlRpf8u9\niup2jI7gE5GP89qV2IAw7MqgBdwwB3xj65qmrEID1HTp71YMiCQlECj0YZ/z/wDWrFxsevCpcztb\nXJjkCgYJX/Dj86qWtxJD5aq7bdxJQHjnjn8v0q/qp8y1LM3QggfpisYHBrrpawsz53MY2rt9zZeY\nJEFEgxy2eQSP50mh3it4jjnuD8sm9MZx1QqB+orKd9xwMgelMrojK1jyXRTjJdzZ1O9ee7Mfy47h\nSSAccg564NUbmdpHJkYu2AAzMc47A8+1VzK7yGR3ZnPO5jk5phNRZGkI8qsFFFFMslhft+VS7wec\n/rVdDg/WpeP9mocbs6Kc2lY//9k=\n'),(9,3,52.4126,-4.08846,'Kitchen','My kitchen! ',1391140000000,'/9j/4AAQSkZJRgABAQAAAQABAAD/2wBDAAoHBwgHBgoICAgLCgoLDhgQDg0NDh0VFhEYIx8lJCIf\nIiEmKzcvJik0KSEiMEExNDk7Pj4+JS5ESUM8SDc9Pjv/2wBDAQoLCw4NDhwQEBw7KCIoOzs7Ozs7\nOzs7Ozs7Ozs7Ozs7Ozs7Ozs7Ozs7Ozs7Ozs7Ozs7Ozs7Ozs7Ozs7Ozs7Ozv/wAARCACoAF8DASIA\nAhEBAxEB/8QAHwAAAQUBAQEBAQEAAAAAAAAAAAECAwQFBgcICQoL/8QAtRAAAgEDAwIEAwUFBAQA\nAAF9AQIDAAQRBRIhMUEGE1FhByJxFDKBkaEII0KxwRVS0fAkM2JyggkKFhcYGRolJicoKSo0NTY3\nODk6Q0RFRkdISUpTVFVWV1hZWmNkZWZnaGlqc3R1dnd4eXqDhIWGh4iJipKTlJWWl5iZmqKjpKWm\np6ipqrKztLW2t7i5usLDxMXGx8jJytLT1NXW19jZ2uHi4+Tl5ufo6erx8vP09fb3+Pn6/8QAHwEA\nAwEBAQEBAQEBAQAAAAAAAAECAwQFBgcICQoL/8QAtREAAgECBAQDBAcFBAQAAQJ3AAECAxEEBSEx\nBhJBUQdhcRMiMoEIFEKRobHBCSMzUvAVYnLRChYkNOEl8RcYGRomJygpKjU2Nzg5OkNERUZHSElK\nU1RVVldYWVpjZGVmZ2hpanN0dXZ3eHl6goOEhYaHiImKkpOUlZaXmJmaoqOkpaanqKmqsrO0tba3\nuLm6wsPExcbHyMnK0tPU1dbX2Nna4uPk5ebn6Onq8vP09fb3+Pn6/9oADAMBAAIRAxEAPwDrUf3q\nzFNjvWWshHepFmPrXm3NbG/BdYI5rTgvVIGTXJpcEd6nW8YDrWkW09CXE69ZFccMDTq5WPUHH8Rq\n3FqDthd55966Y1L7mbRu7x5mwdadWRDdiOUMzd+aum/iz8vI9a0TEWqKq/bo8VG2ooOlFwL1RyTI\nnU1my6nxwaoy3u49aynUtsNI5VZGp4kNSrBGP4f1NPEKf3f1rz7nTYhEjetBnYVN5Ken61S1ECCF\nXU7cuAT7c1cXqDRbjuDVuG72MG7iubS6cE85HY5qdbtz2/WumJk0dI2oGVstjj2qRb0DvXOpcvj7\npqVbl/QitUyLG+b0etRNej1rH+0EjvSG4PoalyGkabXlV3u8mqJnao90jnj86wky0aSingUKKeBX\nKajdtZXiJP8AiVMfRgf51shazPEKf8SiU+lXH4kI4qK2leHcsmSe3+TVi3sppJFQbxk4yRwPfOai\nhb5FwPX+daemR20t5Gt9O0FtyZZApO0AZ/ye1dDqtFKmmrlSQyWsrRGbJUkZU8f55p0OozRS7t5b\nHYk4qvqBtRq92LKYy2yv+6c9WH5Cq9qFuJ1RujE1upaamLWptnWbll4KJ7gf40w6jcS4Pntzx8px\n/KnR2EIGQij/AICKqr/x9Fe3m4/XH9KwlJdC4q51KyBxkVEGy5ogGI81Fu2gse1YNisbKipVFQqx\nA5H61MjZqCiCa+t7dykrhT6evGf5VV8Q4Ph+4kHTaD+tZPiQRPfqjudwO4ANg424zx9SK1/ER2+G\nbgf9M1/mKpdCnGyTOc0WxhurG3kJ5IbI/wCBtWzdaVbR6XcsByIXI/75NYfh+by7CI5/hx/48x/r\nWveXoOmXILH/AFL9P901Er8x0R2OKOF3kHoQP0p+mHN8g9M/yqo7jcjZ+8cGptHYG9Y9wh/mK7b6\nHI+p0X2+NLlbfBLn06CqduQ+obe/nMf1JqKyfz9SkY7CUJ6Dn0pmlSmW/if1yT+R/wAaxmrFR0ud\nggxCT7VUmP7h/wAP51aLYticdqo3MqLGoJIJbpisnsStzbSTNWYWy34VkJqdkeVuoWxjIRwTycDp\nWhZ3MM3Mcit9DQ0Fyy1rDJIXaFCxHLbRmqPiVP8Ain7pVHAQAD8RWmtZ/iA/8SS4OM4Cn/x4UluN\nHn+l3flW0CMwXKscE9eRV+8u/wDiXz89YmH6GuQu1aRoQGwFjIx9SavS6jNJC0bBCGGDwf8AGt3T\n2aNIz6FYt8qE8/dP606yupLWYyx7CSNuGBP9ajkwLdDgde30zTEPH9a1exmle5uwa4wJxZJuPUq+\nCf0p+jZhu8OOVjzg/hWIp4OanhvVs5UyOGz0J4Gaztd2Ksoo7k6pbOi2/mxifCl4w2SMjOP8+3rV\n2zt1kz50QdGXIGN2a4xJrOCfzWKwSkZzMW+Yfkan16PXodZe4037Y9q6p5TQEuhwgB4GQOc9aPZX\nMpSXQy9Y/calPa2FkskCPtQtI5ZscZ4PTOcD0rsPBujTWMUl3OfmkGSMkhfYZ/nUWj2cT3KzXC/u\nw4GMfeJOMV2d0pjiSKFQOuAB+ppufMrE8thAcCqWsAPpM6+q/wBaminSWMPGwZenFQ37ZsJ8/wBw\nmubqaI8glbPlnBHy/wBTTc8USn50H+z/AFNCZ9K7VsFyGSYFRFjBUMc56/KaVW4FR3abTnvg0Rtx\niiS0HDctoetL9iF7dW0TSmIM+3cAOM/Uj0qJTgVp6XOomeOSRlRowNgAw7E4GfbP6kA9ahOzuVPW\nNjRk8OXCIJLfN0n/ADzI+cfTs3Tp1+tQ2U89tOwsbie0fJBVTlc+6njPHpXb6QA0KhhnIwaNX0DT\n9Qk8yXzY5lVcSQn5yMnrng9v8ipjKWzMHYatvHBJGF4SLhV9/X6/4mtjVZGFjMIj++aCRYsdSxGB\nj35NYInUSiIdFUd8/wCe1amqTKtgGkbajrtY/UVjRfc0miGwUw2qqcZyc/8AfRp2oyhNNuX7CFj+\nhrA/4SzT7Z2g8udth2llUYP0ya5658UapPDLDJcr5cilWAjXoeKrlbYJMwGYFhk9Bjn8akXBHBB9\nAKq9O/4Zp6S4OQ3X0rrsRzD7gBgQoyarKasM7E5O859iKZ5YkG4oR7gGiwKQ5GzV7TGUatEzRl1K\n44/HB/A4ql5fl88kfSrWloZNUiYSHBOAMcHFQ1ozTmVj07S+EFUNYsDqeuzPBJPHPBBEuY5CmQdx\n4Pr/AImr2m8RrWfcyajBqGoXVlH9oP2hVERYAbQgH86iCd/ddmc9TbUjzt1B0BPKlvzP/wBatjUi\nsujoG6cZ+mKynASd5WI5AHPYf5NPvNTtzZC3ilDvx05GPr0rmpPRs6ZLVHNvpiPJ5rxnMmWPXuTT\nls7NBtMQJ9xmtVwpX5up64GKhNvCSTu4+ucUcxaMxbCJlDGGM7hkfKB/Sljs7USDzIkQZ5wvWtYx\nCNAHVWwMc1C3k4bcgAXkYHpzS52OyKclvaAYRcn0xTFtlU5Ix3Geg9qvmP7QcdF9qkFqlsBLGdxH\nGMZJzRzBZFNoUZQN6g1AiYlBXapQ8ZPGa1ZCsoIPBPYVHsSIBjhs9yelCkKxvaVMs8Kup9iPQ+lU\nZdLN7aXMJlYCe4848/TgelV7a6e0JlgKvkfNGWwD757H/P01badDGH3qAwB/OtYye6MJxWzMu/JM\nWACSfQ4qksG3lS248DNXp5YTMQ74xxwppQYGlADrhRnlTn2P86wi7I3Ikglcbnfr2wKdPaKYX2KQ\nxUgYNTLIiscbm9MY5/WmyykRlw5HIGB7nFK7GNmgijGOrn3NVzbSSKwYYU9eKsxklslAT6mrTXDR\nJkxg56YNK7QyuunxzIso+6wyD61HLaqilQOowRmrMCTTxDyGCIOADzjBx/So5beYHc7q2O2MUCQw\nReZEGbGe/wBe9OECL8oP3h0znFPUM+RKgXdyOeo9v0/OkNoC4KMwz1xjihb2B7DLeF1dlYnrjgdf\n85q2jlWwGGPpSpHmRUwdyj7x/wD11KIsnYEPABPvXVGNkc7dzClh3tvYDk96u2UZjtycEBiTg/lT\nVwqO4QyEDOAQOfxqVXJiSNYpAqgAFsf41hLY3TB48g8Cq3ls7hCo25Bzn0Of6VdBIO1QGJH8TY/o\naiMbrcQlkRSz8qrdtpPp7VKQ2y4LUMoAI6cY45prW55GCSPypSJekbIgPcqSf50OJlizu3lT1xio\nAdakpFJGq8o2OehyAf61G4G8knNRPNcebtMjKu0HgLyefUfSrCRqy7pCST68fyqrCIZJVdDtBG09\nPb/PP4UWcsdwrgMoO4qQG5GDjn06VJ9lgYncpK9CfMPOfbNULdPsOpyWzb9syl4mIJJYfe498Z/K\ntaVrkzvY02GxyVIbH61KqqAQQd3GGzk9+1QxOMuoUYGOR1PHFPDM33F+Y8ha6LGBUMEe2NMAl2yQ\nTzgc5H44/OraQFsnGAKKK5TfqVpoxE24t1HaolkG9CSCQcgfmP60UUJaDLkb5G48Drk0NLjAAyPS\niioZSK16xCxMFBj5B+vGP6022uApAy2D2NFFUl7oLcu7xIQTg47gcVna5GfKW6hAEsJEi4XPThsn\n6bf++aKKIaSCS0LcEyTQJJERiUZGT69v6U9wUG/72OBRRXccp//Z\n'),(10,3,52.4126,-4.08846,'This Is Another Photo From My Gallery','Its one of my favourite photos of Aberystwyth pier',1391140000000,'/9j/4AAQSkZJRgABAQAAAQABAAD/2wBDAAoHBwgHBgoICAgLCgoLDhgQDg0NDh0VFhEYIx8lJCIf\nIiEmKzcvJik0KSEiMEExNDk7Pj4+JS5ESUM8SDc9Pjv/2wBDAQoLCw4NDhwQEBw7KCIoOzs7Ozs7\nOzs7Ozs7Ozs7Ozs7Ozs7Ozs7Ozs7Ozs7Ozs7Ozs7Ozs7Ozs7Ozs7Ozs7Ozv/wAARCACgAPADASIA\nAhEBAxEB/8QAHwAAAQUBAQEBAQEAAAAAAAAAAAECAwQFBgcICQoL/8QAtRAAAgEDAwIEAwUFBAQA\nAAF9AQIDAAQRBRIhMUEGE1FhByJxFDKBkaEII0KxwRVS0fAkM2JyggkKFhcYGRolJicoKSo0NTY3\nODk6Q0RFRkdISUpTVFVWV1hZWmNkZWZnaGlqc3R1dnd4eXqDhIWGh4iJipKTlJWWl5iZmqKjpKWm\np6ipqrKztLW2t7i5usLDxMXGx8jJytLT1NXW19jZ2uHi4+Tl5ufo6erx8vP09fb3+Pn6/8QAHwEA\nAwEBAQEBAQEBAQAAAAAAAAECAwQFBgcICQoL/8QAtREAAgECBAQDBAcFBAQAAQJ3AAECAxEEBSEx\nBhJBUQdhcRMiMoEIFEKRobHBCSMzUvAVYnLRChYkNOEl8RcYGRomJygpKjU2Nzg5OkNERUZHSElK\nU1RVVldYWVpjZGVmZ2hpanN0dXZ3eHl6goOEhYaHiImKkpOUlZaXmJmaoqOkpaanqKmqsrO0tba3\nuLm6wsPExcbHyMnK0tPU1dbX2Nna4uPk5ebn6Onq8vP09fb3+Pn6/9oADAMBAAIRAxEAPwD2JRnv\nS4PauEs/inpjlluLSaNh0EbK+fzIrTtviLoE7bZJJ4B/ekjyP/HSaOSXYXPHudOPMHpTgfWsWHxl\n4dnkEaapECf+egZB+bACpbLxPot/F5keoQR/MVCSyKjHBx0Jzz2os0O6NaiikZtozSuA6imK5NOo\nuAtFFFMAopM0ZFABSFwO9MZielRN+tK47EhlJPFIXIqEkg0hLdTTEOZ3P8WKfHu6lqr8k+1PaUBc\nZpiLYcU7Iqis4FPWYE5JosK5bzRmq/mj1phlP8PNKwXLeR60ZqgZsUw3ZzgU7C5jSyPWo3kAqotx\nxzUU13kECmosTkPnfOeapPz3prSMx55phJ6mtUrGLdx2cU5rs7doqBiT0puzPWrsuotTxyc3GWaO\nIMmOhYgn8jUIaXzcmwIC9MsD+pya0nVTG2Rnj0zSOqCNtq4wD2xStfUSfQqpdW6yKt1BcImPm8oZ\n/I5q7eHw60Fs2nXkru4bzo7hMNGR79Dn6momVBGw35IHdqp6i8kQj8rZhs53D0xUOPvc1y4vS1iS\na5WxjSSOZn5wNrAED1GP8816T8M7rUb5r1rm8uJIYQqCCYk7DlvUkgjb0GOvPbHlnmCOAS/Z42ct\nge3Hr+FWNP1++0osbSe4tskFhBMQrHqMjOD1onqrFwumfRAXHY1IM14lJ8RvEsXytfvgNt3eTF6Z\n/u56V6l4SvrzUfDNneXs3nTyqxd9oXPzEDgADpiudrlNk7m3SFc0BvWjd6UXQCbT60mw08GinYdx\nm2kMdSUdaVguQAKvWo3ZQOKnePcODiq7x7egpFblcl/Wo2LHrU5Vvao2jb0q0yWiHJpQT60MDTOa\nu5FiQSEd6QzN2NMw3pSrG7djRoKwm4seTQTjpUnkFVyajZKfMhco0uccUzPvS7CaesWOWp8yQuUj\n5xTfrVgxn6CmbBQpC5CLHtSbSal2e9B2KPvZp8wuU8aNsio75YMAeh/+tTHurd0ISXqMY8wHP/j1\nTsSYnyVwFPRs1lrpFxbMzB45F45PVQDnjNN3WxEbPc0zuEJy7HIPvTGg807WAcA5/eJn+lS8iKTK\nFTtP0p6SALyG59FJq7E3KogRNwIiAB6bPbtz71EbKKRixiDD1DkfyNXfNBL43Z3f3T6CmlztAzgY\n60rId2Qskhi28qFLlSjc/MoVu3cACvR/AmvK1jHYQ3K3QggjzGfkKMWbfjK5bG6PPXrxnofPGaEv\nyUP1xWS7ta3ST27tBKpUiWI7XBz1BFZVIcxtSqW3PpSKRJow47jpxx+VP4rwXQ/GOrWm9pNXvI3k\nTKGQiRZDkf3yccd+fTvmt2Hxrrkj4l1t0XBxiCIktjIGNv8A+qsfZyNeaNz13NG6vLV+I+sQxMD9\njlKDJZozk/gGApbL4jazelGUabHG7Y3PDJhfc4c/yo5JoXNHueo7h60m8etcHp3j68ubiC0l063k\nmmlWPekxRRk4zghj39a7jg//AKqiV47lqz2Jc5FMIAFMZtg4wajE2T3qblKJLtFBjBGKiMpHSgS5\n/ip3HZj/ALOucnFM2RKfuilMnuajyPWi4rAzID8opY3z1Xim8dzRvUU7hYlPlkc1A4Qj5Rj3pS4x\nTCR2oTCwwpj6mmO4T3p5BPOeaiaI/wB6rTJcWIZc01pFx/SjyiaPIXu1VdC5WRF+9R7+elWfJUUe\nWo7U+dE+zZ82DTdSAD/YrofvvIB8pv8AW/3On3vbrSXA1OxYJcrdW5bkCUMpP51tLN4hvZbWwun8\ntbq7EqCeJdhm8xlLMNvPzFgQQeAARgCr3iKx8TTxw/2pNHelbd5MrACyRrsLHdtGcccgnvzg80To\ncsNSv8YFzNg9txq1Fe608E00X2l4rfHnOI9wjzwNxxxnHevQLifxZZyaWJLjSbkQzMIbiONtqN5c\ni7CFUZ4DDCgnKgemed1T/hIm1XXonggmlMCG+eFyF8sICCMsP9k9Oox0JBLsLIybc+JJlt5Iorgx\n3coihlMeEkcnAAYjGcj17V0UXhTx5uAaxjx6tLDj9DUi6Xf3nh3TrqxstPWxE0RiDfNKG3hCrMy8\nguSSDkfhgVp/ZdcWUQL4e+dRuHlT2Ywuf+uPGTnr1596LyC0TnYNO8WXV/LYQ2MLXUQ3SRGRAyjJ\nGSC3HT8ip6MM8/fRX9pOVugscpfBjBUspABwQDkYyBz3BHUEDtrzXvFNpf3MNrp1x9vMEKTMpS48\nlQWKnESgKTknDZ47YNXfAVraq8+rywz6jfeZsaeTG+I7QTwzZ5JK7uvHYE4LsajHocYdE8T+XtfR\nr5h2zaPkfTA4ptrJrDxSS2+myzLbZ8x1idhHxzux04Hf0r3Y3IAzhzzjgVheHpfstvqj5UyS6hcS\n4Z8YG8qMk9B8nbPT2xSvIfLE8onvtYjhcT6e0aEshZoXGCOCOe4OfxqCDWJreERPCCuCM59a9m8P\nSpDpZAgMIa6uP3YUfJ+9fg7cjjp6cVD4muYJtOjikt5ZW+0wMu2M5H71QcMRgEgkdecn3p3kLlie\nTp4jmhuoLq3gCSwyK6kkEHBB5/Kuuj+MN8JJDJYoY8YRMknPPJbI9u3PtXXa3FbXGk20H2JZIkuL\ncpH5XEaiRf4ccDbkdOh9M1O+pabeZimjDgcETW7Af+PDFTJc25cWoqyZxbfF26NujizT7UAdx+fy\nzz/d3en1qR/i1LNNAPJEMW5GlKL82AwLAA8dAR16MPTFammaT4fTU9UkksrIxGceSJY0KqDGjNjI\nz1b6DtjmjStK8P8A9q6kraXZmOSdfIMiBh90blVT935t3TGeccLxPs12K9o+5HJ8WbCGBHiimnkd\nctHIwUIc4xkLz6/T34qa2+LWkzYEsMsJxk8Bh06A5Hf2pmo+GPDba5apNp1vFHJBIW2O0QLK0YXh\nSB/E1QP4L8OHXreNLMmB7aRmQTuV3KyAHOc9GPfHSj2aF7SRqL8S9IkeICbbvUsUZRkY9W3YBPPH\nt2qeL4haRcXPkRyon+3NIEQ/Q81i33w/0d76wa1tmit1kb7SiyMd67SRySccgDjk7u2KW78HaBba\nhpv2eyWPddfOCzPuAR2AIYkYJUdqfs0HtGdxb36XVsk8bKyuMgqcgj2PepPtFZkMcVtCsMCJFGv3\nURQqj6AU7ef71Hs0L2hoG496b9o96obz60nmH1p+zQvaF/7SPWk+1L61Q3+9Jv8Aen7NC9qy/wDa\n1/vUn2tfWqG6k3U/ZoXtWX/tS+tJ9oB71n7qTdT9khe1Z5jLZ6mtrGGlglivNX8xRIzb/NEjJ8x2\nrwTkn0z0BPNrV9M1hppJZHgt8Wl28kcc8gzGGyw57EtkDoQORXGRarfCJYRe3PlpJ5qoJmAVsk7g\nOxzzmrI1zVI45IxezFWgeHEvzfI2MqM5xnA6UCO6e21l7jToWuI4luHkRfKjIWLMTKGXbxkgsw2n\nqcngDFbUNFv5YtblN9AWt2aSUtbDeB9nB2qcnAPC46DGQeMVycviHW5ZbVTeSo1uMQhFCbcAjsB2\nJH6GoJtd1R0uo3vGMdy5aZVwFdsYyRjGcY59RnrQB6C1vcz6dDcxSITJqSsLmGEL1uMc5YkruwwX\nHB29cE11ck91b7YbeCJ8DC+bcMGYDAz91ieoyTXja+LNbEK263eI1l84II0xv3l89P7xzjp7cVbH\njzxORn7arYPGbePg/wDfNFwsj0ax+3tPqDCGB53u0WVlkGFQRIcAlfmHJwCO5571Nos3lSan51ub\nX/S0XYWDAExRgAEH6Y9iPoPLrbxnrto88kdzHG1w++Qi3j+ZsAZ+77f55qtJr+rT3Ul19vuEkkOW\n8omME4AJwuB/CPyFAWPcDJtdVYMS+QCBwO+D6fX/AOtVCxiZbXypFX5ruaQhj0XzmYEDBzzt9MZz\nmvL7DxrrtgGjFz54LqWM6FzgAjbnqAfz7gjJqzZ+PdYisHhKQy712eZIXLAYxkHf1zk59T6AAGoa\nHplkslrE0HBdppZAewDOWyf++ulJfwO9mkafM/2iB2YgZbbIhJOO+FrzuP4ia1GJSLeycuwJJRvl\n4A4+b2z9SagvviBrN3EkRjtbcrIG3RQncSOcHcSMZwfwo1DQ9La6ixJcrAGEB8t2G3cBwTgg9Aeo\n9j7ZuIwI3qMbuTXlFx481O7spLaa1sirKyhzG29cgjIOeCASM/nmi08da1atIXMNyJDnbLFgA+o2\n46/560wPTIhHF9puFdJFupVlTHOQEUcYznhCRinC5Ml/NZKoHlxxuzdgGLDj3+X/AD382T4iasIm\nBt7TcS3zbGyMnP8Aexx0H0qCLx1fxXZnS3tS/lpGMhzwpbvuyfvHOc5wO9AWPT5GifUNoP8ApEMP\nDHoquep6d4/0p6rAJkZ1UTshxuxuxxn+QzivMV8faml5LciC13yIqH5GwApYjHzf7Z/Knt4/vZJo\nHltoisMvmMI2ZS52kYJyeOf09OKBWO+INrq9lCrNKTbzfNIct9+LqfoT+VXCkFwYLhSrBX81HXkN\nlSuc9+DXnsnxF33SzHTOFjZMCc5+Yr0O3j7tR3XxEvJMrbWsduo2sAWLHIbJ9OCOOnfrTFY9M3Um\n6vOLf4j3SFvtNnHL0x5chTHrnOc09/iRIXTy9PVVz8waYkke3Ax+tMVmeh7qTNcD/wALFyAf7O6/\n9PX/ANanR/EF5WCx6W7seAqzkkn/AL5o0CzO73Ubq5SHxDqs4fGh3KlCQynzMggZ7R4qzaarq1zL\ntbRLqNB1Yvj9GC0XQrM6HdTc1SZ7hcfupjkc4K8cdOtOPmj+M07oLMt7qTdVTM39800tMP4z+Qpi\n1OGfwPZpaRyx3U+Wv/IIyCNm8rnp97H4e1P1XwLa2d+y29zMYRZSzfMRu3rjAzjp8w/Ws1PG11sW\nOWziZVm875SVOc596t3Pj77VJvbTcfuWiP73PDYz29q57SOlOJry/DvTReWqJdXeJQ25iy7hgZGD\nisyXwRaJo2qTefOJraeRYhkFWVSMZ46n29q2ND8YxazqMULWzQPEpIJfcG7egq7Pdo1pfx/89JGP\n51F5ItKLVzl7PwestqGlumJTUfKDBPvxhtpPOeepH45z232+H2kOGxLdr6bSvH/jvvWlaFBaW4H/\nAD8GQ/ixP9a3BMnv+VS5suMEcHa+BNPE1yZ3uJQkxVGVgpAwDgjGO/bFT6f4B0271G/aSSfyI3RY\nkBAIJXLZ49TxjFdTBNGstwecNJnp7Af0qzprRg3DD+OTd09gP6VLmylTic9/wrbSCeGuD7F+P5VT\n0v4dWM+mW7zvMJmQFyr4H4cV3ZlVVJwx/Cq9rNstkUITtGKn2ku5Xs49jj7D4b2lw12J7u6AS4YR\nGNgPlwvXIPIOR+FMl+GNrDPbIby6ZZJyrnIyF2sRjjrwPzNdxZSsI22p1Yk0t1I5aE46P/Q0vaS7\nj9lDscVe/DLTobCeSG7vGlRGMas64LY4B+X1qwfhZo+STeXuf95f/ia6u4ZvL56bhUxLEdaanLuH\ns49jhbP4a6VLCzTXN0HWWReGXBAcgfw+gFNX4caW+pzIJ51t0iQjDDJYls849APzrsYWIDjPRz/O\nmQE+fN65FWpvuQ4R7HMx/D7Q1upY2aZwApGX6df8KWXwDoYubdEWQqXJkzKeV2n8ucH8K6M5+2P7\noP60hz9qT6GqUmQ4rsYSeA/Di3bKbZ2UxghTM3Bycnr9Pyp83gXw6RGkVnsYyL83mueMgkde4yPx\nraOReD3Q/wA6c7YmiH+1TuyWjPHgfw2pyNNU/WVz/WpU8H+HkIK6VBkfU/1rV3UoancmxSi0LSIF\nUR6bbLt6HywSPxqwba2GB9niwOnyCpC1MLGmhC8AYAAHtUbY9KC1NJqkKw1gvpUZC+lPNMNUmQ0N\nwtMO2n0hGadxWPGYruEsfNto8Huq4wf0/nVxRpzqD5f1wAMfXJrMi+x/Zn80zLMp+QIAQfr/APrq\nJQHIXzAmeCzKePwApXY+VHR6VqOlafdPMm+JlXGXU8/TH0q+NYhnhZ43Zw7dRG+P5VyALWrYgu0k\nHB3ITtJ+hAP5inSzeY7t5sbODwYkC5PtgUnYpXPRbTUA0cAVs4OTzjFbsF2rr/rAR9a8djvLi3lW\nSOWVH4OSecfjWrH4p1QbFMkbEcEFMH6ms3FM0U2j0SO6RZZcvj5jzV3TbuIb8yDJb1rzeDxjLGAs\ntsZG6krIFBH/AHyalh8cXSeYba1tYR1HmlmLcdOMc578elS4XLjUseqmcMpwc8etV7ZmFviuI0z4\nhxzRGPUbfyZegeMEp+I5I/WtPTPGGm3jLbpIwlY4Vdjc/pWfs2ae1R1dm5EJ+pNJdyE+Xgfxiq0D\nMsYB61FPPKpU9QD0xU8juV7RWLlzISijHVhVnzDisr7U0pQbT97nIq005Vc4B/GjlHzISF/ml93N\nNgc+bKc9TUUNwcNmJuSe1EM6jdkEZaqSIch5f/TT/uCk8w/a19lNRecpuWOD0pBIpnJ5HFWkQ2St\nIfta8/wkU5pCbiL2NQfKbgHJ6VIqg3Cnd0ppEXNDPFKDTBjHBpwpiAmmE041GxpoTDNNJpKQmqJE\nJpuaUmmkimAZpM0maSmiTzKCzhidY4LON5VX5nkQupBGecnHQdsH8KgmsoGnJjskAUDdhyMAnAPG\nMdgRj8axhfSpyrsjDrjg/nUXmuWMjMXPYt/n61ehCbOgjt5mkK27StKrbgUJJAyOOUz/AE9qjk0l\nHBdra7fChs7R93acdh0Pf61kJeSxy+Yv3y2dyjB/z/jUs2ozSk72DDPIx3OOf0pWQXZrDRYgjK9v\ncDrnL5Knpn7vPPb296jfRFiyJUnmAYDMS/LjueR+PSsyPUZo+IWZBg9GOORj+VMa/uMsBKygnIAY\ngD/PP50NId2an9lWjKzpI8fKgK7D6E9P85xn1kXw/BIWEc+THkSN9/oBz1BA/PvWSmpsm7KrIp6K\nwOBjnjmo5NQu5yzec538/e5Pai0Rps0V0aZ2ChshiFXET5PXAHy+3rQNHurdfOSQo8fzdMMuOc8d\nOnFUFvp+VMrEEYODgEemOlSxancQxmPzXZSQdrMfX/8AV+QpWQczOkt9U16PC/2vMdvBPkhwAD3y\nBzk1p2PiedrljeTyMijDgQ7VXjOQOvr1Y8c4rjRq0iN8jsB05GRjsPpzUY1S6ER/fv8AMeSG6c0O\nKBSZ6HD4q09H+dZVizhCQCT+ox9fXP40tU1uTUDEljeXls4ByI4EIc4z035//XXExahcoqxpcSCM\ncKN5+UZpx1a5ZgZGViMnDDPXGc569O9LlQ+dnYaXrt1bkNf3d3Oq5+QRRAEdiec9xWn/AMJdZJJ5\nbW90pIDfMEHH/fVeef2pNsOCWyAvzKDgDt0pRq1xtz5pORg4HJ68n1PJp8qDnZ6B/wAJZabgRBMQ\nxwPu8/TnmpovE9i7ZdZoskr88een0z615wNRYqo5wP7oAxS/2jJjIYknqaORdxc7PS18RaWSXFw3\nA5/cv/hSx+JNKaQN9pf0H7mT/CvNBqTd2br06Uqam+1hk9PQH8OlHIu4udnqI8WaM3yi+wR/0yf/\nAAp8PijSXzi/TjAIfKHk+4H/ANavKzqMnOMj/dApP7Tc59Tx0HajkXcfOz1seItLL7Pt9vnGc+YM\nfn0p39t6Zx/xMbXnp++Xn9a8i/tBwcZ6+nal/tBjnJyTRyLuLnZ65/bWmYz/AGja49fOX/Gm/wBt\naWRxqFqf+2y/415MLsj5lBAY+mAaBf5wpGR796fIu4c77Hq/9r6a3I1C2I/67L/jSHVdPGf9OtuP\n+mq/415SL8gDIxj0WnC+LE8ZOT1HWjlQuZnqn9pWJOPttv8A9/V/xp/2u2wD9oiwTgHeOa8oe98v\nAMa57+3sRTBqIB+5xj8KdkHMzH3EDrSjceeTx2oC4BbgU7JA5HH0qRghOD0oI3HnkfTrTh6gnNA7\nd+OtAXEHDbSeo6+lIwPOCKkXKnO489x3pBuYkkDJ7UCuRKmVweCTUmwY+XIFPxyO2DzRyRjp+NFg\nuRFT1700ggkZOKlBB4PPekKkZxz2waLDTIlBPTP+FOCkDPv0JqQJhc8n3p6oHJwc9qLBci2MBycA\n44z3pGU9qnI5weKbjkc8nrRYLjFVh0PWn7TnoMU4DtTtmT8nTGOKYrjAvvxUigKMkZ9M55/Kl2nG\nD6elOC9flP5UCIShB5/SjGB/SpNhbGeh4HoKUdOAefTvQFxpyeMZyM9MU0DB44xx0qZvTI78+lMA\nycdD2FOwCbDnGBx+tIoBHGT9Kl/hKjB/rjNIOSc8AnPHbmiwXG5IySM7hySKXb69qcVJx09+O31p\ncdRwMe9FhETLlSNpB3A7j6f5/lTlHy8rg9MHtUuwE8E/lSgNuG7gevY/WnYLkLIxGAOnHWmCPIJx\njFWAg5UkLz1o2dCM5Pp9KLBco7dv8PalIOMkjn8xUwCr8p5GM9MUhC5Of++hUjuRFeMAE7eKFX+E\nEDNShCRwc+poC7SOQATjkUWC40IxGAOOnApAhUnGMY9etSqqlcEgZwcHAxQFQ43EADuBTsK5GAwP\nfj3xmjygVzz2+lSK2DjIOOoI4zTnyM4KnHPSiwXISpJHzAEjml2gZ4BApybRwM4PQChiRzjO05HN\nIYzbnjBAHtTgAQRkH+f1qQfdUbA3ORjrRs34G0FuQeORTFcZtYgfwn64pyQsx2qVx154FPRQV2so\nAJ6k8g/59aANrKcZHXOKLBcb5TKO/Iz1p8kLZDYGcDGOnH0pckkjcMg5wR39uKlYOkMTljgpyG7c\nn+lNIVyvsOCTgYpxVjjnnvzxTyoXJLdcD256UwjoQcHHJJ6CgBFi5wBk4xTtnHy4wOuaRTHnG/Pt\nik86MgkKxx2x0o0HqOVMEbiMdvrSlR0AJJpgmC4Cx4z1oD7lLLgY5PqKNBajmRMb+MDjpxShQrZ4\n+h4phQ4ADc57UbcMdwJz164FAC7lU/IePpnP40g5IDISeRmmlZmBXB5BI44NAUqSrHkZHHei47En\nyfeG7HrtwBTixQdBwOD1pU/1YBByO2RRINwyMjn0waZI3eoyxI49On50wspU46E+naniEAc4K555\n6daTYoRuOmT9M0ajP//Z\n'),(11,3,52.4126,-4.08846,'My Desk ','90 of my life is spent here! ',1391140000000,'/9j/4AAQSkZJRgABAQAAAQABAAD/2wBDAAoHBwgHBgoICAgLCgoLDhgQDg0NDh0VFhEYIx8lJCIf\nIiEmKzcvJik0KSEiMEExNDk7Pj4+JS5ESUM8SDc9Pjv/2wBDAQoLCw4NDhwQEBw7KCIoOzs7Ozs7\nOzs7Ozs7Ozs7Ozs7Ozs7Ozs7Ozs7Ozs7Ozs7Ozs7Ozs7Ozs7Ozs7Ozs7Ozv/wAARCABfAKgDASIA\nAhEBAxEB/8QAHwAAAQUBAQEBAQEAAAAAAAAAAAECAwQFBgcICQoL/8QAtRAAAgEDAwIEAwUFBAQA\nAAF9AQIDAAQRBRIhMUEGE1FhByJxFDKBkaEII0KxwRVS0fAkM2JyggkKFhcYGRolJicoKSo0NTY3\nODk6Q0RFRkdISUpTVFVWV1hZWmNkZWZnaGlqc3R1dnd4eXqDhIWGh4iJipKTlJWWl5iZmqKjpKWm\np6ipqrKztLW2t7i5usLDxMXGx8jJytLT1NXW19jZ2uHi4+Tl5ufo6erx8vP09fb3+Pn6/8QAHwEA\nAwEBAQEBAQEBAQAAAAAAAAECAwQFBgcICQoL/8QAtREAAgECBAQDBAcFBAQAAQJ3AAECAxEEBSEx\nBhJBUQdhcRMiMoEIFEKRobHBCSMzUvAVYnLRChYkNOEl8RcYGRomJygpKjU2Nzg5OkNERUZHSElK\nU1RVVldYWVpjZGVmZ2hpanN0dXZ3eHl6goOEhYaHiImKkpOUlZaXmJmaoqOkpaanqKmqsrO0tba3\nuLm6wsPExcbHyMnK0tPU1dbX2Nna4uPk5ebn6Onq8vP09fb3+Pn6/9oADAMBAAIRAxEAPwDmRTqa\nKcK8tRPRTJrf7x+lT1Xg+/8AUVZxUyjqUmNpKdiilyBcbSU7FIaOQLjaSlNNNTyjuJTTSk00mlyg\nITTSaCaaWosAE00mkLc00n3qkhClsAn2pM4HFNY/KfpRuqrAOzSZpuaTNFgFJoppNFNIRZBp61Ep\nOPeo7tUeKMSsRF5q+Zj+7nmuynT5mkc8p8qbL8P+sFWsV3C/DTwbjh7tvpKT/IVIPht4PPSK9P8A\nwJ/8K3+rf1Y5ljI9LfecFijFehp8L/CbpkW93g/3pHH6YpJPhf4RijMjWl2Qv915GP5Dml7CO1/w\nH9Z0vb8TzzFIRXej4Z+FWAYW13hugKTfr6Uxvhv4UTG60uzkZ4huD/Kq+qp9fwMvr1un4o4I1GTX\nocPw18JSyhBY3OT03x3CD8yRXH/Enwro/hZ9L/s+1KJc+YJ181zvCtHgZJOOpqHhFe1/wNIYzmV0\ntPVGSTTC1dL9h8AszKnhyBivY6nOKqPB4DhU7/C0bYz8x1Ocd/pUPCeY1jYvp/X3GEWFMLVstL8P\nwxA8KQEDv/a0/wDhUJu/AWcf8IbGff8Ateap+qeZX1xdjJLU3NbAu/AX/Qmx/wDg3lo+0+Aj/wAy\nan/g3lprCPuH1xdjFZsKaNwPettZPAZ6+EV/8G8lYGqNpJ8Rf8SbS/7OtxajdH9oabc27O7c3sQM\ne1KeG5Y3uOnilOXLYfmjdUe6jdXLY7Ljy1FRFqKaQF0nDH60l1zZv+B/Wori4jhkO98ZGcYzUhdZ\nbRypBG0nNehTVmmcU3o0fR0UizQpKhyrqGB9jT6zPDTmTwvpLsclrKEk/wDABWnVtWZgiK4lMMJk\nChsEDBOOpAz0NZuo6xeWFzZqNNWeC6uFhMscxzHuOAxG3pj3q5qdsl5p01tIJCkoCkROVbr6jpTd\nOtbm1gjjnn8zYCuOuRxglupPB/P2qly213M3z8/kXaKKKg1GSqHQAnHzKegPQg9x/n2615Z8bhk6\nEPUzj9Y69UcZUDcV+Ycj615Z8bf9ZoH+/N/OOtKXxIzn8LOVjiC6juJjGGP+sOB36mr0/wBleCQy\nvbjrtwRKQOxwRzz61pNosaSmaO4ilDc7ZEGPyzWfeWibtrXFvAeuEjC/1zW9jg5k7I5eUOeMREDp\niFR/Sqv2bPaujm09psE6hBJjpvmpi6LK3CywH6Pms+Vm/tEjAFofb8xThan2/MVunQrwDKxh/wDd\nNINDv84+yv8ApTUWHtY9zGW29qryR+XrNx/sxxD80BrpP7GvYxlrV8fTNcpeXaRa3fBwww4TPXG3\n5ayrp+zNsNJOqXM0buKiWQMoYHIPQ0Fq8yx61x5aioi1FUkMrXBZ7maQn+Mj/D+VWtNdjI6bvlKH\nIrMDFiST15qzaSuknycH1xXqw+Gx5b+K59F/D+5a68DaXI3URGP8FYqP5V0deLeF/igfDnh230s6\nP9p+zl8SfaNmQWLdNh9fWr8nxg1S4Yiz0i0gA7zyM4/TFTKDbbBOySPWjwDxmivG7v4q+JVQf6Pp\nqc8NHG52/m2Kxp/il4s35TVFUHsttHgfmpoVJvZg5W3R771FFfON18QfFN2f3mt3S5P/ACyYRf8A\noOKqT+J9elQo+vak6nqrXTkH8M03StuxKV9kfTGBjoK8p+NMkcsugxxyo0izSAqGGRnZ1/KvJpZX\nlYtJK7sepY5JqA4BzkkikrQd7jaclY9s/s3U4040+Zge6w7/ANQDXL69BcpeLvtplwgHKEdzXm7f\neJyc9c5q9b+Itcs4/Ltdc1K3T+7Fduo/IGh1TFYa2zOhZ9pIPB96A4NYy+N/E0C/NrNxcDPS72zj\n/wAiA09PH2tbszxabcr/AHZNOgH6qoP60lND9kzYBFTRzSJ92Rl+jVlf8J4xP7zw1opHfas6k/lL\nxU6eNtDIBl8LyBu/k6kVX8mRj+tUpol0pG1a3NwbiJftMuC4BG8+tefau6y65fODhXuZCCT6sa7K\ny8XeFWlV5tN1i3ZTkLFNHMMj6qtcC7b5WYnliTmlOSasOjBxk2zTsZMWxGfuE4/nVgSZGay4JvI3\nDqGFXLeQOpOMY7VxSjrc9KEtLE4kDHHeioYzksffFFKxomPi08FtrS4IOMAdf85FSNFHCGKFiV6k\n1csvs7fu5GR5e4YZP0q1cW8rt5ccGQf4iQFH9f0q1VadmZ+zVrozre3nuACi4U/xNwDT2f7OwYTR\nPJkA7Wzx6dKgvLuRJ/skbsVhbBfdksRwfw7VGvtxWvM+pFk9ie5vmYjJxweM9aoyT7qskA+/4VE8\nQY8KKuNRIiUGyvvyeKkUMVLsSgHTPc05YQuME8HNOlZXjVXUfL3C8n6nvTdS5HLyovWumrcW/nNM\nqqehGDj61Dc2EkGdqs6jHzjGG/DOR+tVBdGFdsbFATkgDGfr6/jUEt47bcFVCEkBUCjnr0FY8sr7\nlqpG2xIyg/WoJASoKj64phnkJ6559Kb5zAfX2oswckxpPPzA/jTTjsKkMzHr/Kkz/s/pVEaDN5+o\np+ArckCjIxkAZ+lNb5j70DHcH3phHzccU4ZyOKdtGaLjtcltvK2ES84ztwvf6/hVyKNto3AIOAS3\ny0WGnx3kR2z7WH3l2f8A16uppUifKl6RjnBT/wCvWMpq+50Qg7bGfGwUFc9zz60VdGilcn7Uv4ii\nlzxLUWMsdRW33hEUbzwAudo9z1Jptzf3TmQJM5DgDdnGB+Hr6fSqw6YAFOCnPOKqyvcz1tYks7cF\nuhJq+Lbj7tQWp2tmrgfI6mnuQ3bREfkDHIqMoBU5lABqu0hJOaLCuRzMkUe4gegrOeQkn5jtPUA/\n/XqXUZGLKv8ADjNUcmrRnLVkjOx65POev/16iZj6dqM0lMmw0n/ZA5oOOcfhSmjjBoGJnqATj+dH\nFGKKBCj0pM9zRRigZKhBHvT1UVChwanU1LNYalm3d7aQSxHkfr7V0EMkd7AJE4Pceh9K5pXxVqzu\n2tZd6cg/eX1FYzjc6YysbmwdN2CKKkjMdxEsqjIYcZ4ornNT/9k=\n'),(12,3,52.4126,-4.08846,'My Raspberry Pi! ','My favourite micro computer. photo from gallery',1391140000000,'/9j/4AAQSkZJRgABAQAAAQABAAD/2wBDAAoHBwgHBgoICAgLCgoLDhgQDg0NDh0VFhEYIx8lJCIf\nIiEmKzcvJik0KSEiMEExNDk7Pj4+JS5ESUM8SDc9Pjv/2wBDAQoLCw4NDhwQEBw7KCIoOzs7Ozs7\nOzs7Ozs7Ozs7Ozs7Ozs7Ozs7Ozs7Ozs7Ozs7Ozs7Ozs7Ozs7Ozs7Ozs7Ozv/wAARCACgAFoDASIA\nAhEBAxEB/8QAHwAAAQUBAQEBAQEAAAAAAAAAAAECAwQFBgcICQoL/8QAtRAAAgEDAwIEAwUFBAQA\nAAF9AQIDAAQRBRIhMUEGE1FhByJxFDKBkaEII0KxwRVS0fAkM2JyggkKFhcYGRolJicoKSo0NTY3\nODk6Q0RFRkdISUpTVFVWV1hZWmNkZWZnaGlqc3R1dnd4eXqDhIWGh4iJipKTlJWWl5iZmqKjpKWm\np6ipqrKztLW2t7i5usLDxMXGx8jJytLT1NXW19jZ2uHi4+Tl5ufo6erx8vP09fb3+Pn6/8QAHwEA\nAwEBAQEBAQEBAQAAAAAAAAECAwQFBgcICQoL/8QAtREAAgECBAQDBAcFBAQAAQJ3AAECAxEEBSEx\nBhJBUQdhcRMiMoEIFEKRobHBCSMzUvAVYnLRChYkNOEl8RcYGRomJygpKjU2Nzg5OkNERUZHSElK\nU1RVVldYWVpjZGVmZ2hpanN0dXZ3eHl6goOEhYaHiImKkpOUlZaXmJmaoqOkpaanqKmqsrO0tba3\nuLm6wsPExcbHyMnK0tPU1dbX2Nna4uPk5ebn6Onq8vP09fb3+Pn6/9oADAMBAAIRAxEAPwDz5dGu\nT1eP8z/hT10S5xjfFn6n/Ct1Yzjpx9KeseBjHeuHnZ0qKMm18MXl2+yOWAEf3mP+FbEfw51Qjm6t\nAp6YZv8A4mtHRyFus9K7aGSPy1+denrUOpIpQR56nw0vzjde2y+4DH+lRX3w81K1g82CWO6x1VAQ\nw/DvXpYkiHJdaQ3Vuv3pVH1NL2sg5UeNjRJ9xBIBHBB6irUfh9nTInUH02dK9M1CfSZowLkRy8cH\nuPoRzXPSWlr52+wuQqnrHNn8s45raNSLXYhxaOTOhSKf9bkey0o0aUD/AFmc/wCzXSmOSVtnksG9\nun59K1NM8PLcHfc3AQf880IJ/E1baS3JV2cnpPhefVbt4VnWNUXcZNmQOeBWx/wryT/oJR/9+T/j\nXcWunwWcXl28IjXOTjkn6nvUvlN6Vg6sr6FqK6nmqRc+g9qlEI9OlQxyZ4OM+1WFkxnJrblTIuPS\nIqQR1q0ss4GN5qBH754qTfxT9mg52S+ZKQd0jH8aidAf4j9c00v+lM8w96ORApMa0Z3Y3ZpyJg8m\nmF80obmocEVzMsodvtViOR1+65BHpVJGz36VOp96qKJZqW2rXVueX3r6NWmPEEWBmJs1zgPFO59a\nrkTI5mjlYZSe/X2q7E5I5rPtxkD19KvxDjmiJbRZXOOKlycVGg44NSgcZNbIzGkk96Z09ql28U0r\nSZSIjxzSg80rAEU3vWTLRNGasofpVWMirAxjpTiiWSA0u4VNbafdXce+GIsoOM1N/Yl//wA8D/31\nV3RnqcXb/Wr8Q+tZtuDjGa0Ycd/Wsos3ZaQe1TqKij96nWtUyGg28YppXrUuBikYcUxIrOMDpUO0\nk9KsuvFRKrA5J6Vmy0PjHHvVhcZFRoPaplX8KcSWbsHiGK2gWGKDCqMU7/hJv+mVYJWmbPr+tPkT\nJ5mcvCcZzWnAcisiBGX7x59q0rc7V+lYX1OixfjPH8qsK3GapCQD3rJ1y+nt4maEjdgY7961TZDR\n0TzpEu5zgUyO/tpG2iZN2cAFhkmuEkvL82ZuTeQkCQJ5YPzHIznHp2+tVhc3UKxnzAAsvnDGD8/r\n79Pp+ddFOCd+Z/d3InzRWi/4Y9IOD0Na1j4cmu7dZ1fAcccV5vH4uul62qsP9/8A+tXoXhbx3b3O\nneT5LRSQ4DK3Oc9CD+BrnqQmlexUZRelzTTwpKOslSjwtIOslSL4pRhwKU+Jf9n9KyTkN2K1z4f+\nzQl3lxxWIVwTyK07/VJb04yQtUvwreN7amTt0OPVcGrEZx+dQJn0qVOK5jpRKzd+9YviBwISSAcB\neD3+atV2rF185tm9gP51rB6oiWzCTxRG/g59A+w/M16Lr7S0mT9zbjGOvU5z3xisV5VkQAKQQepb\nPGKq5pwNdiSRzyqSla5Mp9a6Twjgvd/8A/8AZq5qMEmus8HW++O/f+55f/s3+FFV+4xU17x08PQV\nZXGKqRHFWFNccTeRMD607/gVS2VnJdyBVBx3NdCuhQhQCB0qnJIi1zy8DilAqMS04SZ5zUNGqCXg\nVi60C1o49B/WtmRty9/8ax9VybaTjjYacNwlsc1mgGm0oNddzjJVkwOK6vwbOyxXoB4Ypn8N3+Nc\neDXUeEM7bnj+Jf61FV+4zSl8R18b1o2Fq95IFUHb3NU9OspLyUAD5fWu10+zSzhAAGa4eex1ONyz\nY2cdnEAAM1Z3e9QGSm+cfWp5hcp4urHFSq+P/wBVU1k5wTipFeumwky1kHr3pf7ON9G0WDh1IJFQ\nrJz69629GnSNPmxWbutitzmH8JQRHa80ufbH+FNHhe1A5lm/Mf4V0l/cJJMQtVt2VNUqk+5PJHsc\nwdFgGo21sWl2Tb8nIzwM+ldh4e0COAGO3V2VmyzOck/pWfbWr3Wq2BC/K0jrn/gDHH6V6Rp1lHax\nj5RmpqzdkghFJssafZR2sYwoziru+od9IXxXMaEpam7h61GWpNw9/wA6QHiqPx71Ir4/CqqtxzTg\n31r03EwuXFc54NTx3JQYU9aoB+KkD4GBUuJVy6suTyavWFq922MfLVLT7R7qQHGFrtdMsUt4hkdB\nWM3ylIzbG2S2vbLdxt1Jk597dyP512AfArlb3H7xh1j1W3K/j5YP6Ma6IPxWMtUmNFnfRvqDzPwo\nElQMnL8U3f71Fv4pu6kI8kEPYClEAzyO9TpjGKkXGe5r6B00ed7RlYW2ei8VNb2yGQeYTtFTrj15\nqQbTwal0kHtWb+mS6dAgzMqkDuMVbn8Q2ECkIzSY/uiuXyvTH501gApFc7wsW9TRYhl66123kkRQ\nHBm1CKVgR0VQp/mldfbXMV1EJYHDqa8yfAv4Fz/Hn/xx61La8ns23wysnqB3qJ4ZNaFqt3O4ubyC\n0XfcSrGD0yeT+FZMniq1WQKkUrIerHjH4VzM1zJdTGSWQu5PUmk4Lc+tKOFXUHW7Hoec0ZPrXMJ4\nlnjiRPKjJUAFjnn3p/8AwlFz2hhx/un/ABrL6rMr20T/2Q==\n');
/*!40000 ALTER TABLE `location` ENABLE KEYS */;
UNLOCK TABLES;

--
-- Table structure for table `path`
--

DROP TABLE IF EXISTS `path`;
/*!40101 SET @saved_cs_client     = @@character_set_client */;
/*!40101 SET character_set_client = utf8 */;
CREATE TABLE `path` (
  `id` int(11) NOT NULL AUTO_INCREMENT,
  `walkID` int(11) NOT NULL,
  `latitude` float DEFAULT NULL,
  `longitude` float DEFAULT NULL,
  PRIMARY KEY (`id`),
  KEY `walkID_fk` (`walkID`),
  CONSTRAINT `walkID_fk` FOREIGN KEY (`walkID`) REFERENCES `walks` (`id`)
) ENGINE=InnoDB AUTO_INCREMENT=77 DEFAULT CHARSET=utf8;
/*!40101 SET character_set_client = @saved_cs_client */;

--
-- Dumping data for table `path`
--

LOCK TABLES `path` WRITE;
/*!40000 ALTER TABLE `path` DISABLE KEYS */;
INSERT INTO `path` VALUES (1,1,52.4162,-4.06606),(2,1,52.4162,-4.06625),(3,1,52.4163,-4.0661),(4,1,52.4162,-4.06625),(5,1,52.4162,-4.06644),(6,1,52.4163,-4.06655),(7,1,52.4164,-4.06662),(8,1,52.4165,-4.0667),(9,1,52.4166,-4.06671),(10,1,52.4167,-4.06675),(11,1,52.4168,-4.06678),(12,1,52.4171,-4.06708),(13,1,52.4173,-4.0672),(14,1,52.4175,-4.06731),(15,1,52.4174,-4.06747),(16,1,52.4174,-4.06772),(17,1,52.4173,-4.06793),(18,1,52.4174,-4.06814),(19,1,52.4173,-4.06829),(20,1,52.4173,-4.06848),(21,1,52.4174,-4.06863),(22,1,52.4173,-4.06877),(23,1,52.4173,-4.06898),(24,1,52.4172,-4.06924),(25,2,52.4172,-4.06935),(26,2,52.4172,-4.0695),(27,2,52.4171,-4.06968),(28,2,52.4171,-4.06982),(29,2,52.417,-4.06995),(30,2,52.417,-4.07025),(31,2,52.417,-4.0704),(32,2,52.4169,-4.07066),(33,2,52.4169,-4.07088),(34,2,52.4169,-4.0712),(35,2,52.4168,-4.07135),(36,2,52.4168,-4.07155),(37,2,52.4168,-4.0717),(38,2,52.4168,-4.07185),(39,2,52.4167,-4.07229),(40,2,52.4166,-4.07249),(41,2,52.4166,-4.07265),(42,2,52.4166,-4.07282),(43,2,52.4166,-4.07297),(44,2,52.4166,-4.07312),(45,2,52.4165,-4.0733),(46,2,52.4166,-4.07348),(47,2,52.4166,-4.07365),(48,2,52.4166,-4.0738),(49,2,52.4166,-4.07397),(50,2,52.4165,-4.0742),(51,2,52.4165,-4.07444),(52,2,52.4165,-4.07462),(53,2,52.4165,-4.07481),(54,2,52.4165,-4.07502),(55,2,52.4165,-4.07522),(56,2,52.4165,-4.07544),(57,2,52.4165,-4.0756),(58,2,52.4165,-4.07581),(59,2,52.4164,-4.07592),(60,2,52.4164,-4.07615),(61,2,52.4164,-4.0763),(62,2,52.4164,-4.07655),(63,2,52.4163,-4.07683),(64,2,52.4162,-4.07694),(65,2,52.4162,-4.07714),(66,2,52.4162,-4.07732),(67,2,52.4161,-4.07748),(68,2,52.4161,-4.07761),(69,2,52.4161,-4.07784),(70,2,52.4161,-4.07799),(71,2,52.4161,-4.07814),(72,2,52.4162,-4.07828),(73,2,52.4163,-4.07847),(74,3,52.4127,-4.08866),(75,3,52.4126,-4.08846);
/*!40000 ALTER TABLE `path` ENABLE KEYS */;
UNLOCK TABLES;

--
-- Table structure for table `walks`
--

DROP TABLE IF EXISTS `walks`;
/*!40101 SET @saved_cs_client     = @@character_set_client */;
/*!40101 SET character_set_client = utf8 */;
CREATE TABLE `walks` (
  `id` int(11) NOT NULL AUTO_INCREMENT,
  `title` varchar(50) DEFAULT NULL,
  `longDescription` varchar(200) DEFAULT NULL,
  `hours` float DEFAULT NULL,
  `distance` float DEFAULT NULL,
  `shortDescription` varchar(100) DEFAULT NULL,
  PRIMARY KEY (`id`)
) ENGINE=InnoDB AUTO_INCREMENT=5 DEFAULT CHARSET=utf8;
/*!40101 SET character_set_client = @saved_cs_client */;

--
-- Dumping data for table `walks`
--

LOCK TABLES `walks` WRITE;
/*!40000 ALTER TABLE `walks` DISABLE KEYS */;
INSERT INTO `walks` VALUES (1,'With Pictures','A long description! Long. It really is long... ',0.111099,339.698,'A short walk '),(2,'Going Down Penglais Hill','I dont like steep hills. ',0.176483,654.81,'Penglais Hill is very steep'),(3,'Tour Of My Flat','Its cold outside, so I decided to do a tour of my flat instead. ',0.0804139,14.3663,'A quick tour of my flat');
/*!40000 ALTER TABLE `walks` ENABLE KEYS */;
UNLOCK TABLES;
/*!40103 SET TIME_ZONE=@OLD_TIME_ZONE */;

/*!40101 SET SQL_MODE=@OLD_SQL_MODE */;
/*!40014 SET FOREIGN_KEY_CHECKS=@OLD_FOREIGN_KEY_CHECKS */;
/*!40014 SET UNIQUE_CHECKS=@OLD_UNIQUE_CHECKS */;
/*!40101 SET CHARACTER_SET_CLIENT=@OLD_CHARACTER_SET_CLIENT */;
/*!40101 SET CHARACTER_SET_RESULTS=@OLD_CHARACTER_SET_RESULTS */;
/*!40101 SET COLLATION_CONNECTION=@OLD_COLLATION_CONNECTION */;
/*!40111 SET SQL_NOTES=@OLD_SQL_NOTES */;

-- Dump completed on 2014-01-31 11:09:15
